Sector_Name,SubSector_Name,Dept_Agency,Item_Name,2024_Actual,2025_Program,2026_GAA,Page_No
ECONOMIC SERVICES,None,None,None,2205885520,1968266426,1555324895,1
Agriculture and Agrarian Reform,Department/Agencies,Department of Agriculture,Office of the Secretary,90752039,108459212,166041819,1
Agriculture and Agrarian Reform,Department/Agencies,Department of Agriculture,Agricultural Credit Policy Council,2852456,2864671,3118014,1
Agriculture and Agrarian Reform,Department/Agencies,Department of Agriculture,Bureau of Fisheries and Aquatic Resources,8208821,10585014,11923508,1
Agriculture and Agrarian Reform,Department/Agencies,Department of Agriculture,Fertilizer and Pesticide Authority,209619,284545,434323,1
Agriculture and Agrarian Reform,Department/Agencies,Department of Agriculture,National Fisheries Research and Development Institute,523433,619358,750201,1
Agriculture and Agrarian Reform,Department/Agencies,Department of Agriculture,National Meat Inspection Service,512840,522822,698981,1
Agriculture and Agrarian Reform,Department/Agencies,Department of Agriculture,Philippine Carabao Center,824397,856170,2091815,1
Agriculture and Agrarian Reform,Department/Agencies,Department of Agriculture,Philippine Center for Postharvest Development,6460478,447127,488900,1
Agriculture and Agrarian Reform,Department/Agencies,Department of Agriculture,Philippine Council for Agriculture and Fisheries,239043,221293,271102,1
Agriculture and Agrarian Reform,Department/Agencies,Department of Agriculture,Philippine Fiber Industry Development Authority,536746,582391,694771,1
Agriculture and Agrarian Reform,Department/Agencies,Department of Agrarian Reform,None,20170945,11101149,18160655,1
Agriculture and Agrarian Reform,Department/Agencies,Department of Science and Technology,Philippine Council for Aquatic Agriculture and,1579281,1671678,1700034,1
Agriculture and Agrarian Reform,Budgetary Support to Government Corporations,National Dairy Authority,None,522374,537813,2378993,1
Agriculture and Agrarian Reform,Budgetary Support to Government Corporations,National Food Authority,None,21532000,14453000,11291528,1
Agriculture and Agrarian Reform,Budgetary Support to Government Corporations,National Irrigation Administration,None,77759044,69368217,63246735,1
Agriculture and Agrarian Reform,Budgetary Support to Government Corporations,National Tobacco Administration,None,550504,550504,556027,1
Agriculture and Agrarian Reform,Budgetary Support to Government Corporations,Philippine Coconut Authority,None,1181117,1215397,1924720,1
Agriculture and Agrarian Reform,Budgetary Support to Government Corporations,Philippine Crop Insurance Corporation,None,4500000,4500000,6500000,1
Agriculture and Agrarian Reform,Budgetary Support to Government Corporations,Philippine Rice Research Institute,None,5231245,954392,979832,1
Agriculture and Agrarian Reform,Budgetary Support to Government Corporations,Southern Philippines Development Authority,None,197547,83029,158029,1
Agriculture and Agrarian Reform,Budgetary Support to Government Corporations,Bases Conversion and Development Authority,None,2801865,2490215,1147175,1
Agriculture and Agrarian Reform,Budgetary Support to Government Corporations,Philippine Fisheries Development Authority,None,6037082,5525549,4530000,1
Agriculture and Agrarian Reform,Budgetary Support to Government Corporations,Sugar Regulatory Administration,None,511840,1000000,1020000,1
Agriculture and Agrarian Reform,Other Special Purpose Funds,Contingent Fund,None,0,247000,3133000,1
Agriculture and Agrarian Reform,Other Special Purpose Funds,National Disaster Risk Reduction and Management Fund (Calamity Fund),None,0,2373000,3584012,1
Agriculture and Agrarian Reform,Other Special Purpose Funds,Miscellaneous Personnel Benefits Fund,None,0,763895,924572,1
Agriculture and Agrarian Reform,Other Special Purpose Funds,Pension and Gratuity Fund,None,339304,434173,331038,1
Agriculture and Agrarian Reform,Other Special Purpose Funds,Tax Expenditures Fund,None,0,5075000,5075000,1
Natural Resources and Environment,Department/Agencies,Department of Environment and Natural Resources,Office of the Secretary,19910854,19955934,20074258,1
Natural Resources and Environment,Department/Agencies,Department of Environment and Natural Resources,Environmental Management Bureau,2764588,3083595,3620503,1
Natural Resources and Environment,Department/Agencies,Department of Environment and Natural Resources,Mines and Geosciences Bureau,1760324,1928068,2080480,1
Natural Resources and Environment,Department/Agencies,Department of Environment and Natural Resources,National Mapping and Resource Information Authority,1598846,1918319,2020147,2
Natural Resources and Environment,Department/Agencies,Department of Science and Technology,Forest Products Research and Development Institute,301102,250263,297442,2
Natural Resources and Environment,Department/Agencies,Other Executive Offices,Climate Change Commission,181188,260153,321861,2
Natural Resources and Environment,Other Special Purpose Funds,Contingent Fund,None,0,0,78000,2
Natural Resources and Environment,Other Special Purpose Funds,National Disaster Risk Reduction and Management Fund (Calamity Fund),None,0,21000,39822,2
Natural Resources and Environment,Other Special Purpose Funds,Pension and Gratuity Fund,None,169652,434173,331038,2
Natural Resources and Environment,Other Special Purpose Funds,Miscellaneous Personnel Benefits Fund,None,0,1200407,1001619,2
Trade and Industry,Department/Agencies,Department of Science and Technology,Industrial Technology Development Institute,494671,534498,606312,2
Trade and Industry,Department/Agencies,Department of Science and Technology,Metals Industry Research and Development Center,295505,284831,316787,2
Trade and Industry,Department/Agencies,Department of Science and Technology,Philippine Council for Industry Energy and Emerging,923806,1068348,1132375,2
Trade and Industry,Department/Agencies,Department of Science and Technology,Philippine Textile Research Institute,254926,323061,478426,2
Trade and Industry,Department/Agencies,Department of Science and Technology,Technology Application and Promotion Institute,268388,235198,278181,2
Trade and Industry,Department/Agencies,Department of Trade and Industry,Office of the Secretary,6852134,7398048,7650732,2
Trade and Industry,Department/Agencies,Department of Trade and Industry,Board of Investments,1104447,878484,583879,2
Trade and Industry,Department/Agencies,Department of Trade and Industry,Construction Industry Authority of the Philippines,192054,164534,200883,2
Trade and Industry,Department/Agencies,Department of Trade and Industry,Philippine Trade Training Center,94618,82052,107438,2
Trade and Industry,Department/Agencies,Department of Trade and Industry,Design Center of the Philippines,142306,177717,276261,2
Trade and Industry,Budgetary Support to Government Corporations,Cagayan Economic Zone Authority,None,1000000,324427,1095231,2
Trade and Industry,Budgetary Support to Government Corporations,Center for International Trade Expositions and Missions,None,195557,289608,711372,2
Trade and Industry,Budgetary Support to Government Corporations,Aurora Pacific Economic Zone and Freeport Authority,None,235850,256018,381535,2
Trade and Industry,Budgetary Support to Government Corporations,Zamboanga City Special Economic Zone Authority,None,249588,308350,354651,2
Trade and Industry,Budgetary Support to Government Corporations,Small Business Corporation,None,1000000,500000,1000000,2
Trade and Industry,Budgetary Support to Government Corporations,Authority of the Freeport Area of Bataan,None,140000,200000,250000,2
Trade and Industry,Other Special Purpose Funds,Contingent Fund,None,0,78000,0,2
Trade and Industry,Other Special Purpose Funds,National Disaster Risk Reduction and Management Fund (Calamity Fund),None,0,21000,39822,2
Trade and Industry,Other Special Purpose Funds,Pension and Gratuity Fund,None,0,144724,0,2
Trade and Industry,Other Special Purpose Funds,Miscellaneous Personnel Benefits Fund,None,0,545639,231143,2
Tourism,Department/Agencies,Department of Tourism,Office of the Secretary,2809501,3188921,3692611,2
Tourism,Department/Agencies,Department of Tourism,Intramuros Administration,133069,298977,165380,3
Tourism,Department/Agencies,Department of Tourism,National Parks Development Committee,316670,384277,322226,3
Tourism,Department/Agencies,Department of Tourism,Philippine Commission on Sports Scuba Diving,29509,25434,44909,3
Tourism,Budgetary Support to Government Corporations,Cultural Center of the Philippines,None,882861,1563087,760355,3
Tourism,Budgetary Support to Government Corporations,Development Academy of the Philippines,None,706353,437269,1099955,3
Tourism,Budgetary Support to Government Corporations,Tourism Infrastructure and Enterprise Zone Authority,None,620000,1545000,248000,3
Tourism,Budgetary Support to Government Corporations,Tourism Promotions Board,None,2479839,1358616,1367608,3
Tourism,Other Special Purpose Funds,Miscellaneous Personnel Benefits Fund,None,0,109128,77048,3
Power and Energy,Department/Agencies,Department of Energy,None,2639773,3085204,4434160,3
Power and Energy,Department/Agencies,Department of Science and Technology,Philippine Nuclear Research Institute,877248,1034954,903524,3
Power and Energy,Department/Agencies,Other Executive Offices,Energy Regulatory Commission,856778,930879,931251,3
Power and Energy,Budgetary Support to Government Corporations,National Power Corporation,None,7345988,870905,1948377,3
Power and Energy,Budgetary Support to Government Corporations,National Electrification Administration,None,6021892,5842337,10134200,3
Power and Energy,Budgetary Support to Government Corporations,Power Sector Assets and Liabilities Management Corporation,None,8000000,8000000,8000000,3
Power and Energy,Budgetary Support to Government Corporations,National Transmission Corporation,None,2010185,0,0,3
Power and Energy,Other Special Purpose Funds,Contingent Fund,None,0,65000,65000,3
Power and Energy,Other Special Purpose Funds,National Disaster Risk Reduction and Management Fund (Calamity Fund),None,0,42000,159289,3
Power and Energy,Other Special Purpose Funds,Pension and Gratuity Fund,None,169652,144724,165519,3
Power and Energy,Other Special Purpose Funds,Miscellaneous Personnel Benefits Fund,None,0,218256,154095,3
Water Resources Development and Flood Control,Department/Agencies,Department of Environment and Natural Resources,National Water Resources Board,212379,266737,301953,3
Water Resources Development and Flood Control,Department/Agencies,Department of Public Works and Highways,Office of the Secretary,161090427,303775286,154491569,3
Water Resources Development and Flood Control,Budgetary Support to Government Corporations,Local Water Utilities Administration,None,884626,395170,0,3
Water Resources Development and Flood Control,Other Special Purpose Funds,Tax Expenditures Fund,None,0,145000,145000,3
Water Resources Development and Flood Control,Other Special Purpose Funds,National Disaster Risk Reduction and Management Fund (Calamity Fund),None,0,3738000,2986677,3
Communications Roads and Other Transport,Department/Agencies,Department of Public Works and Highways,Office of the Secretary,1074349234,773048219,324379204,4
Communications Roads and Other Transport,Department/Agencies,Department of Transportation,Office of the Secretary,152070625,50948413,91581743,4
Communications Roads and Other Transport,Department/Agencies,Department of Transportation,Civil Aeronautics Board,240432,256226,270220,4
Communications Roads and Other Transport,Department/Agencies,Department of Transportation,Maritime Industry Authority,1306759,1379229,1550927,4
Communications Roads and Other Transport,Department/Agencies,Department of Transportation,Office of Transportation Cooperatives,47058,39474,49996,4
Communications Roads and Other Transport,Department/Agencies,Department of Transportation,Office for Transportation Security,1775167,2046726,1784435,4
Communications Roads and Other Transport,Department/Agencies,Department of Transportation,Philippine Coast Guard,28253827,33263873,42527897,4
Communications Roads and Other Transport,Department/Agencies,Department of Transportation,Toll Regulatory Board,259632,64157,81170,4
Communications Roads and Other Transport,Department/Agencies,Department of Information and Communications Technology,Office of the Secretary,13139182,12833032,16442712,4
Communications Roads and Other Transport,Department/Agencies,Department of Information and Communications Technology,Cybercrime Investigation and Coordination Center,449798,1314619,579084,4
Communications Roads and Other Transport,Department/Agencies,Department of Information and Communications Technology,National Telecommunications Commission,749030,578325,755345,4
Communications Roads and Other Transport,Department/Agencies,Department of Information and Communications Technology,National Privacy Commission,430095,371785,440536,4
Communications Roads and Other Transport,Budgetary Support to Government Corporations,Civil Aviation Authority of the Philippines,None,1030000,0,0,4
Communications Roads and Other Transport,Budgetary Support to Government Corporations,Philippine National Railways,None,531437,341380,851622,4
Communications Roads and Other Transport,Budgetary Support to Government Corporations,Philippine Postal Corporation,None,70000,0,1383465,4
Communications Roads and Other Transport,Budgetary Support to Government Corporations,Davao International Airport Authority,None,121052,0,0,4
Communications Roads and Other Transport,Budgetary Support to Government Corporations,Light Rail Transit Authority,None,3521557,890326,2261377,4
Communications Roads and Other Transport,Budgetary Support to Government Corporations,Philippine Ports Authority,None,0,1350000,0,4
Communications Roads and Other Transport,Other Special Purpose Funds,Contingent Fund,None,0,260000,1508000,4
Communications Roads and Other Transport,Other Special Purpose Funds,National Disaster Risk Reduction and Management Fund (Calamity Fund),None,0,4431000,8402517,4
Communications Roads and Other Transport,Other Special Purpose Funds,Pension and Gratuity Fund,None,1696520,1591966,1820706,4
Communications Roads and Other Transport,Other Special Purpose Funds,Miscellaneous Personnel Benefits Fund,None,0,9930636,4160572,4
Communications Roads and Other Transport,Other Special Purpose Funds,Tax Expenditures Fund,None,0,4060000,4060000,4
Other Economic Services,Department/Agencies,Department of Environment and Natural Resources,Palawan Council for Sustainable Development Staff,126461,139578,170935,4
Other Economic Services,Department/Agencies,Department of Science and Technology,Office of the Secretary,7288370,7812644,8204880,4
Other Economic Services,Department/Agencies,Department of Science and Technology,Advanced Science and Technology Institute,375727,387419,407168,4
Other Economic Services,Department/Agencies,Department of Science and Technology,National Academy of Science and Technology,150402,152160,172792,4
Other Economic Services,Department/Agencies,Department of Science and Technology,Science and Technology Information Institute,142755,145995,178991,4
Other Economic Services,Budgetary Support to Government Corporations,Credit Information Corporation,None,60000,0,0,4
Other Economic Services,Budgetary Support to Government Corporations,Philippine Center for Economic Development,None,30258,56828,121764,4
Other Economic Services,Budgetary Support to Government Corporations,Philippine Reclamation Authority,None,6000000,0,0,5
Other Economic Services,Budgetary Support to Government Corporations,Philippine Tax Academy,None,49799,58227,58227,5
Other Economic Services,Other Special Purpose Funds,Allocations to Local Government Units,Special Shares of Local Government Units in the Proceeds of National Taxes,30536264,32655520,31724961,5
Other Economic Services,Other Special Purpose Funds,Allocations to Local Government Units,Special Shares of Local Government Units in the Proceeds of Fire Code Fees,776859,1111052,1405731,5
Other Economic Services,Other Special Purpose Funds,Bangsamoro Autonomous Region in Muslim Mindanao,None,83074725,5000000,5000000,5
Other Economic Services,Budgetary Support to Government Corporations,Budgetary Support to Government Corporations Others,None,0,28606,28606,5
Other Economic Services,Other Special Purpose Funds,Contingent Fund,None,0,195000,0,5
Other Economic Services,Other Special Purpose Funds,Miscellaneous Personnel Benefits Fund,None,0,0,77048,5
Other Economic Services,Other Special Purpose Funds,National Disaster Risk Reduction and Management Fund (Calamity Fund),None,0,0,39822,5
Subsidy to Local Government Units,None,None,Bangsamoro Autonomous Region in Muslim Mindanao,0,31294084,34850370,5
Subsidy to Local Government Units,None,None,National Tax Allotment,304981320,362111704,416678385,5
SOCIAL SERVICES,None,None,None,2001859907,2029700647,2599417454,5
Education Culture and Manpower Development,Department/Agencies,State Universities and Colleges,None,132111366,127227504,144069532,5
Education Culture and Manpower Development,Department/Agencies,Department of Education,Office of the Secretary,754945781,779243029,1012638607,5
Education Culture and Manpower Development,Department/Agencies,Department of Education,National Book Development Board,235572,348411,206571,5
Education Culture and Manpower Development,Department/Agencies,Department of Education,National Council for Children's Television,78302,111740,117588,5
Education Culture and Manpower Development,Department/Agencies,Department of Education,National Museum of the Philippines,1342367,1589021,1015987,5
Education Culture and Manpower Development,Department/Agencies,Department of Education,Philippine High School for the Arts,115315,153254,221960,5
Education Culture and Manpower Development,Department/Agencies,Department of Education,Early Childhood Care and Development Council,316755,419252,0,5
Education Culture and Manpower Development,Department/Agencies,Department of Education,National Academy of Sports,291746,306327,545650,5
Education Culture and Manpower Development,Department/Agencies,Department of Education,Teacher Education Council,0,0,563314,5
Education Culture and Manpower Development,Department/Agencies,Department of the Interior and Local Government,Local Government Academy,291242,529238,548776,5
Education Culture and Manpower Development,Department/Agencies,Department of the Interior and Local Government,Philippine Public Safety College,875189,994300,1246776,5
Education Culture and Manpower Development,Department/Agencies,Department of the Interior and Local Government,Early Childhood Care and Development Council,0,0,357096,5
Education Culture and Manpower Development,Department/Agencies,Department of Labor and Employment,Technical Education and Skills Development Authority,21976246,20979072,26342282,5
Education Culture and Manpower Development,Department/Agencies,Department of National Defense,National Defense College of the Philippines,192259,334638,313880,5
Education Culture and Manpower Development,Department/Agencies,Department of Science and Technology,Philippine Science High School System,2837148,2804060,3581185,5
Education Culture and Manpower Development,Department/Agencies,Department of Science and Technology,Science Education Institute,7352753,7492252,7604282,5
Education Culture and Manpower Development,Department/Agencies,Other Executive Offices,Commission on Higher Education,30352717,34883150,48368905,5
Education Culture and Manpower Development,Department/Agencies,Other Executive Offices,Commission on the Filipino Language,92554,104696,124901,6
Education Culture and Manpower Development,Department/Agencies,Other Executive Offices,Film Development Council of the Philippines,347626,506358,370062,6
Education Culture and Manpower Development,Department/Agencies,Other Executive Offices,Philippine Sports Commission,1063786,1311808,2244667,6
Education Culture and Manpower Development,Department/Agencies,Other Executive Offices,National Commission for Culture and the Arts,2111103,2093195,2572041,6
Education Culture and Manpower Development,Department/Agencies,Other Executive Offices,National Commission for Culture and the Arts (Proper),841557,657868,1360978,6
Education Culture and Manpower Development,Department/Agencies,Other Executive Offices,National Library of the Philippines,250081,302321,309736,6
Education Culture and Manpower Development,Department/Agencies,Other Executive Offices,National Archives of the Philippines (formerly Records,699327,682309,311655,6
Education Culture and Manpower Development,Department/Agencies,Other Executive Offices,National Historical Commission of the Philippines,320138,450697,589672,6
Education Culture and Manpower Development,Budgetary Support to Government Corporations,Metropolitan Waterworks and Sewerage System Regulatory Office,None,168397,169583,207047,6
Education Culture and Manpower Development,Other Special Purpose Funds,Contingent Fund,None,0,0,26000,6
Education Culture and Manpower Development,Other Special Purpose Funds,National Disaster Risk Reduction and Management Fund (Calamity Fund),None,0,735000,1353960,6
Education Culture and Manpower Development,Other Special Purpose Funds,Pension and Gratuity Fund,None,848260,4775898,1655188,6
Education Culture and Manpower Development,Other Special Purpose Funds,Miscellaneous Personnel Benefits Fund,None,0,53800041,38832004,6
Health,Department/Agencies,Department of Health,Office of the Secretary,275614302,252989453,304209112,6
Health,Department/Agencies,Department of Health,National Nutrition Council,527500,319100,311756,6
Health,Department/Agencies,Department of Health,Philippine National AIDS Council,48589,52216,65590,6
Health,Department/Agencies,Department of Science and Technology,Food and Nutrition Research Institute,584675,793974,1138509,6
Health,Department/Agencies,Department of Science and Technology,Philippine Council for Health Research and Development,849229,887225,910229,6
Health,Department/Agencies,Other Executive Offices,Dangerous Drugs Board,430095,504286,598170,6
Health,Department/Agencies,Department of National Defense,Veterans Memorial Medical Center,2449124,2978969,3790570,6
Health,Budgetary Support to Government Corporations,National Kidney and Transplant Institute,None,1626054,1491386,3212329,6
Health,Budgetary Support to Government Corporations,Lung Center of the Philippines,None,791107,713585,2748790,6
Health,Budgetary Support to Government Corporations,Philippine Heart Center,None,2419814,2317420,4086715,6
Health,Budgetary Support to Government Corporations,Philippine Children`s Medical Center,None,1955587,1399466,3502594,6
Health,Budgetary Support to Government Corporations,Philippine Institute of Traditional and Alternative Health Care,None,173854,154726,206419,6
Health,Budgetary Support to Government Corporations,Philippine Health Insurance Corporation,None,61758649,0,129782163,6
Health,Other Special Purpose Funds,Contingent Fund,None,0,3432000,598000,6
Health,Other Special Purpose Funds,National Disaster Risk Reduction and Management Fund (Calamity Fund),None,0,126000,238934,6
Health,Other Special Purpose Funds,Pension and Gratuity Fund,None,339304,1591966,496556,6
Health,Other Special Purpose Funds,Miscellaneous Personnel Benefits Fund,None,0,4474243,2388476,6
Health,Other Special Purpose Funds,Tax Expenditures Fund,None,0,145000,145000,6
Social Security Welfare and Employment,Department/Agencies,Department of the Interior and Local Government,National Youth Commission,181666,639865,323710,7
Social Security Welfare and Employment,Department/Agencies,Department of the Interior and Local Government,Philippine Commission on Women,163788,180615,209875,7
Social Security Welfare and Employment,Department/Agencies,Department of Justice,Public Attorney's Office,6031738,5649997,6692793,7
Social Security Welfare and Employment,Department/Agencies,Department of Labor and Employment,Office of the Secretary,37485478,25634582,30146977,7
Social Security Welfare and Employment,Department/Agencies,Department of Labor and Employment,Institute for Labor Studies,87017,98789,81369,7
Social Security Welfare and Employment,Department/Agencies,Department of Labor and Employment,National Conciliation and Mediation Board,308122,344300,388937,7
Social Security Welfare and Employment,Department/Agencies,Department of Labor and Employment,National Labor Relations Commission,1721341,1567166,1888017,7
Social Security Welfare and Employment,Department/Agencies,Department of Labor and Employment,National Wages and Productivity Commission,294338,364700,373851,7
Social Security Welfare and Employment,Department/Agencies,Department of Migrant Workers,Office of the Secretary,5625619,5340189,7459869,7
Social Security Welfare and Employment,Department/Agencies,Department of Migrant Workers,Overseas Workers Welfare Administration,4831883,3409170,4285358,7
Social Security Welfare and Employment,Department/Agencies,Department of Social Welfare and Development,Office of the Secretary,278207036,215976229,264633358,7
Social Security Welfare and Employment,Department/Agencies,Department of Social Welfare and Development,Council for the Welfare of Children,151276,150232,206942,7
Social Security Welfare and Employment,Department/Agencies,Department of Social Welfare and Development,National Council on Disability Affairs,86812,125345,190679,7
Social Security Welfare and Employment,Department/Agencies,Department of Social Welfare and Development,Juvenile Justice and Welfare Council,175927,123551,137597,7
Social Security Welfare and Employment,Department/Agencies,Department of Social Welfare and Development,National Anti-Poverty Commission,251623,363361,375273,7
Social Security Welfare and Employment,Department/Agencies,Department of Social Welfare and Development,Presidential Commission for the Urban Poor,211105,214314,258924,7
Social Security Welfare and Employment,Department/Agencies,Department of Social Welfare and Development,National Authority for Child Care,707080,583985,775510,7
Social Security Welfare and Employment,Department/Agencies,Department of Social Welfare and Development,National Commission of Senior Citizens,0,0,3611118,7
Social Security Welfare and Employment,Department/Agencies,Other Executive Offices,Commission on Filipinos Overseas,187508,249979,270290,7
Social Security Welfare and Employment,Department/Agencies,Other Executive Offices,National Commission of Senior Citizens,240082,3200443,0,7
Social Security Welfare and Employment,Department/Agencies,Department of National Defense,Philippine Veterans Affairs Office ( Proper ),11059273,1150779,1541470,7
Social Security Welfare and Employment,Other Special Purpose Funds,Contingent Fund,None,0,2613000,3055000,7
Social Security Welfare and Employment,Other Special Purpose Funds,National Disaster Risk Reduction and Management Fund (Calamity Fund),None,0,4557000,9159142,7
Social Security Welfare and Employment,Other Special Purpose Funds,Pension and Gratuity Fund,None,12893556,8683451,12082870,7
Social Security Welfare and Employment,Other Special Purpose Funds,Miscellaneous Personnel Benefits Fund,None,0,2509941,1849143,7
Housing and Community Development,Department/Agencies,Department of Human Settlements and Urban Development,Office of the Secretary,1928070,3038636,1455414,7
Housing and Community Development,Department/Agencies,Department of Human Settlements and Urban Development,Human Settlements Adjudication Commission,621589,710410,559754,7
Housing and Community Development,Budgetary Support to Government Corporations,National Home Mortgage Finance Corporation,None,0,450,0,7
Housing and Community Development,Budgetary Support to Government Corporations,National Housing Authority,None,2748743,2450000,3897272,8
Housing and Community Development,Budgetary Support to Government Corporations,Social Housing Finance Corporation,None,450821,121036,166080,8
Housing and Community Development,Other Special Purpose Funds,National Disaster Risk Reduction and Management Fund (Calamity Fund),None,0,2058000,3902591,8
Housing and Community Development,Other Special Purpose Funds,Miscellaneous Personnel Benefits Fund,None,0,982151,693429,8
Other Social Services,Department/Agencies,Department of Social Welfare and Development,National Commission on Indigenous Peoples,1657405,0,0,8
Other Social Services,Department/Agencies,Department of the Interior and Local Government,National Commission on Muslim Filipinos,926825,1190064,1378798,8
Other Social Services,Department/Agencies,Other Executive Offices,National Commission on Indigenous Peoples,0,1275293,1889609,8
Other Social Services,Department/Agencies,Other Executive Offices,Marawi Compensation Board,1662075,1164137,2228498,8
Other Social Services,Department/Agencies,Commission on Human Rights,None,992116,1140885,1347474,8
Other Social Services,Department/Agencies,Human Rights Violations Victims' Memorial Commission,None,46804,55387,64770,8
Other Social Services,Other Special Purpose Funds,Contingent Fund,None,0,39000,39000,8
Other Social Services,Other Special Purpose Funds,Miscellaneous Personnel Benefits Fund,None,0,218256,231143,8
Other Social Services,Other Special Purpose Funds,National Disaster Risk Reduction and Management Fund (Calamity Fund),None,0,357000,676980,8
Subsidy to Local Government Units,None,None,Bangsamoro Autonomous Region in Muslim Mindanao,0,33082317,36841819,8
Subsidy to Local Government Units,None,None,National Tax Allotment,322408824,382803802,440488579,8
DEFENSE,None,None,None,338882401,378886082,423748159,8
Domestic Security,Department/Agencies,Department of National Defense,Office of the Secretary Proper,1180099,2258124,2377259,8
Domestic Security,Department/Agencies,Department of National Defense,Government Arsenal,1399831,2582605,2893401,8
Domestic Security,Department/Agencies,Department of National Defense,Armed Forces of the Philippines,261655569,264116576,296401600,8
Domestic Security,Department/Agencies,Department of National Defense,Philippine Navy ( Naval Forces ),40792944,51076760,59982708,8
Domestic Security,Department/Agencies,Department of National Defense,Philippine Army ( Land Forces ),112731911,138273705,145212059,8
Domestic Security,Department/Agencies,Department of National Defense,Philippine Air Force ( Air Forces ),44853011,51622204,60690336,8
Domestic Security,Department/Agencies,Department of National Defense,General Headquarters AFP and AFP Wide Service,63277703,23143907,30516497,8
Domestic Security,Other Special Purpose Funds,Contingent Fund,None,0,1274000,1170000,8
Domestic Security,Other Special Purpose Funds,Pension and Gratuity Fund,None,74646902,61797223,75145517,8
Domestic Security,Other Special Purpose Funds,Miscellaneous Personnel Benefits Fund,None,0,11567554,5470382,8
Domestic Security,Other Special Purpose Funds,Tax Expenditures Fund,None,0,290000,290000,8
GENERAL PUBLIC SERVICES,None,None,None,956210423,1072740457,1235971492,9
General Administration,Department/Agencies,Office of the Vice-President,None,1781069,744146,902895,9
General Administration,Department/Agencies,Commission on Audit,None,14668455,13617340,15610903,9
General Administration,Department/Agencies,Commission on Elections,None,30718319,35502671,20196313,9
General Administration,Department/Agencies,Office of the President,None,9675465,15906201,28104653,9
General Administration,Department/Agencies,Congress of the Philippines,Senate,14087373,14138912,8818591,9
General Administration,Department/Agencies,Congress of the Philippines,Commission on Appointments,1241329,1715107,1714505,9
General Administration,Department/Agencies,Congress of the Philippines,House of Representatives,29214533,34130320,28217716,9
General Administration,Department/Agencies,Department of Budget and Management,Office of the Secretary,2400074,3065727,3382943,9
General Administration,Department/Agencies,Department of Budget and Management,Government Procurement Policy Board-Technical Support Office,123174,126108,186191,9
General Administration,Department/Agencies,Department of Finance,Office of the Secretary,1098355,966967,1320598,9
General Administration,Department/Agencies,Department of Finance,Bureau of Customs,5224653,5663408,6533926,9
General Administration,Department/Agencies,Department of Finance,Bureau of Internal Revenue,16592567,17687840,18147818,9
General Administration,Department/Agencies,Department of Finance,Bureau of Local Government Finance,447667,436972,996199,9
General Administration,Department/Agencies,Department of Finance,Bureau of the Treasury,38615054,6461461,4700989,9
General Administration,Department/Agencies,Department of Finance,Central Board of Assessment Appeals,18226,18051,18335,9
General Administration,Department/Agencies,Department of Finance,Insurance Commission,607664,1000229,1186445,9
General Administration,Department/Agencies,Department of Finance,Privatization and Management Office,104750,111057,134603,9
General Administration,Department/Agencies,Department of Finance,National Tax Research Center,162294,144113,153951,9
General Administration,Department/Agencies,Department of Trade and Industry,Cooperative Development Authority,1204642,998259,1342717,9
General Administration,Department/Agencies,Department of Foreign Affairs,Office of the Secretary,20687169,27606785,28592726,9
General Administration,Department/Agencies,Department of Foreign Affairs,Foreign Service Institute,99843,156768,178473,9
General Administration,Department/Agencies,Department of Foreign Affairs,Technical Cooperation Council of the Philippines,4592,5124,31737,9
General Administration,Department/Agencies,Department of Foreign Affairs,UNESCO National Commission of the Philippines,51094,40612,52520,9
General Administration,Department/Agencies,Department of Foreign Affairs,Presidential Commission on Visiting Forces,37763,43510,51575,9
General Administration,Department/Agencies,Department of the Interior and Local Government,Office of the Secretary,8371046,8438909,9830587,9
General Administration,Department/Agencies,Department of Justice,Office of the Government Corporate Counsel,273739,298441,316656,9
General Administration,Department/Agencies,Department of Justice,Office of the Solicitor General,1679131,1750544,1894449,9
General Administration,Department/Agencies,Department of Labor and Employment,Professional Regulation Commission,2037808,2765485,2589266,9
General Administration,Department/Agencies,Department of Public Works and Highways,Office of the Secretary,3717471,11976803,52028088,9
General Administration,Department/Agencies,Department of Science and Technology,None,2845663,3116113,4213250,9
General Administration,Department/Agencies,Department of Science and Technology,National Research Council of the Philippines,248473,247966,258364,10
General Administration,Department/Agencies,Department of Science and Technology,Philippine Atmospheric Geophysical and Astronomical,1810352,1970162,2885568,10
General Administration,Department/Agencies,Department of Science and Technology,Philippine Institute of Volcanology and Seismology,786838,897985,1069318,10
General Administration,Department/Agencies,Department of Economy Planning and Development,Office of the Secretary,2052037,2883875,2810530,10
General Administration,Department/Agencies,Department of Economy Planning and Development,Commission on Population and Development,548898,537672,715541,10
General Administration,Department/Agencies,Department of Economy Planning and Development,Philippine National Volunteer Service Coordinating Agency,39059,33670,40980,10
General Administration,Department/Agencies,Department of Economy Planning and Development,Public-Private Partnership Center of the Philippines,250539,276003,1181805,10
General Administration,Department/Agencies,Department of Economy Planning and Development,Philippine Statistical Research and Training Institute,93339,108204,161637,10
General Administration,Department/Agencies,Department of Economy Planning and Development,Tariff Commission,101945,130329,133813,10
General Administration,Department/Agencies,Department of Economy Planning and Development,Philippine Statistics Authority,12161531,8665239,8906824,10
General Administration,Department/Agencies,Presidential Communications Office,Presidential Communications Office (Proper),949561,713316,972020,10
General Administration,Department/Agencies,Presidential Communications Office,Presidential Broadcast Service-Bureau of Broadcast Services,515027,492389,512535,10
General Administration,Department/Agencies,Presidential Communications Office,Bureau of Communications Services,97379,79889,99548,10
General Administration,Department/Agencies,Presidential Communications Office,National Printing Office,0,21989,20993,10
General Administration,Department/Agencies,Presidential Communications Office,News and Information Bureau,153619,146897,163151,10
General Administration,Department/Agencies,Presidential Communications Office,Philippine Information Agency,496317,457893,527486,10
General Administration,Department/Agencies,Presidential Communications Office,Presidential Broadcast Staff (RTVM),221971,256561,254215,10
General Administration,Department/Agencies,Other Executive Offices,Anti-Money Laundering Council,175080,163328,333102,10
General Administration,Department/Agencies,Other Executive Offices,Games and Amusements Board,146393,157869,168628,10
General Administration,Department/Agencies,Other Executive Offices,Mindanao Development Authority,279428,616188,375033,10
General Administration,Department/Agencies,Other Executive Offices,Movie and Television Review and Classification Board,132076,164077,244588,10
General Administration,Department/Agencies,Other Executive Offices,National Intelligence Coordinating Agency,3442560,2242886,2861015,10
General Administration,Department/Agencies,Other Executive Offices,National Security Council,734364,896955,1247893,10
General Administration,Department/Agencies,Other Executive Offices,Optical Media Board,41958,55899,50061,10
General Administration,Department/Agencies,Other Executive Offices,Philippine Competition Commission,631963,469280,587626,10
General Administration,Department/Agencies,Other Executive Offices,Philippine Drug Enforcement Agency,4024735,3991668,4558432,10
General Administration,Department/Agencies,Other Executive Offices,Philippine Racing Commission,186064,195035,204455,10
General Administration,Department/Agencies,Other Executive Offices,Philippine Space Agency,1798894,924776,1469653,10
General Administration,Department/Agencies,Other Executive Offices,Presidential Legislative Liaison Office,137774,153386,0,10
General Administration,Department/Agencies,Other Executive Offices,Presidential Management Staff,912244,872659,882573,10
General Administration,Department/Agencies,Civil Service Commission,Senate Electoral Tribunal,252076,326575,406555,10
General Administration,Department/Agencies,Civil Service Commission,House of Representatives Electoral Tribunal,266187,505459,272903,10
General Administration,Department/Agencies,Civil Service Commission,Career Executive Service Board,90964,99997,106629,10
General Administration,Budgetary Support to Government Corporations,Development Bank of the Philippines,None,500000,0,0,10
General Administration,Budgetary Support to Government Corporations,Land Bank of the Philippines,None,2485508,0,0,10
General Administration,Budgetary Support to Government Corporations,Philippine Institute for Development Studies,None,267452,291537,368033,10
General Administration,Budgetary Support to Government Corporations,People`s Television Network Incorporated,None,307914,215257,136764,10
General Administration,Budgetary Support to Government Corporations,Intercontinental Broadcasting Corporation,None,741035,1100600,122000,10
General Administration,Budgetary Support to Government Corporations,Bangko Sentral ng Pilipinas,None,40000,0,0,11
General Administration,Budgetary Support to Government Corporations,Philippine Deposit Insurance Corporation,None,4600533,0,0,11
General Administration,Budgetary Support to Government Corporations,Subic Bay Metropolitan Authority,None,681010,1587464,500000,11
General Administration,Other Special Purpose Funds,Contingent Fund,None,0,2938000,2184000,11
General Administration,Other Special Purpose Funds,National Disaster Risk Reduction and Management Fund (Calamity Fund),None,0,0,8083938,11
General Administration,Other Special Purpose Funds,Pension and Gratuity Fund,None,678608,1736690,1158631,11
General Administration,Other Special Purpose Funds,Miscellaneous Personnel Benefits Fund,None,0,9712381,6549048,11
Public Order and Safety,Department/Agencies,Office of the Ombudsman,None,5581078,5872154,6577491,11
Public Order and Safety,Department/Agencies,Department of the Interior and Local Government,Bureau of Fire Protection,31678661,32076332,36215809,11
Public Order and Safety,Department/Agencies,Department of the Interior and Local Government,Bureau of Jail Management and Penology,22945432,29356089,31257430,11
Public Order and Safety,Department/Agencies,Department of the Interior and Local Government,National Police Commission,1874127,2540534,2557817,11
Public Order and Safety,Department/Agencies,Department of the Interior and Local Government,Philippine National Police,197920859,206018504,226545457,11
Public Order and Safety,Department/Agencies,Department of Justice,Office of the Secretary,10297987,10800880,12539031,11
Public Order and Safety,Department/Agencies,Department of Justice,Bureau of Corrections,8075381,9213202,10881627,11
Public Order and Safety,Department/Agencies,Department of Justice,Bureau of Immigration,2671634,5792160,4641642,11
Public Order and Safety,Department/Agencies,Department of Justice,Land Registration Authority,2388592,3155197,2883903,11
Public Order and Safety,Department/Agencies,Department of Justice,National Bureau of Investigation,2634920,3953295,3898380,11
Public Order and Safety,Department/Agencies,Department of Justice,Parole and Probation Administration,1066651,1203282,1300634,11
Public Order and Safety,Department/Agencies,Department of National Defense,Office of Civil Defense,2551406,2552132,2678119,11
Public Order and Safety,Department/Agencies,The Judiciary,Supreme Court of the Philippines and the Lower Courts,48465687,55229819,60489430,11
Public Order and Safety,Department/Agencies,The Judiciary,Sandiganbayan,2384767,2377439,2722680,11
Public Order and Safety,Department/Agencies,The Judiciary,Court of Appeals,4084789,5214518,6091954,11
Public Order and Safety,Department/Agencies,The Judiciary,Court of Tax Appeals,1032272,1019414,1126936,11
Public Order and Safety,Department/Agencies,The Judiciary,Presidential Electoral Tribunal,167788,171710,179869,11
Public Order and Safety,Other Special Purpose Funds,Contingent Fund,None,0,767000,1092000,11
Public Order and Safety,Other Special Purpose Funds,National Disaster Risk Reduction and Management Fund (Calamity Fund),None,0,1974000,0,11
Public Order and Safety,Other Special Purpose Funds,Pension and Gratuity Fund,None,77870290,63389189,72331699,11
Public Order and Safety,Other Special Purpose Funds,Miscellaneous Personnel Benefits Fund,None,0,13095345,14330859,11
Other General Public Services,Department/Agencies,None,None,14444538,17110555,16747408,11
Other General Public Services,Department/Agencies,Department of Justice,Presidential Commission on Good Government,204246,206418,309653,12
Other General Public Services,Department/Agencies,Department of Justice,Office for Alternative Dispute Resolution,115502,164956,166122,12
Other General Public Services,Department/Agencies,Other Executive Offices,Anti-Red Tape Authority,515556,400698,629380,12
Other General Public Services,Department/Agencies,Other Executive Offices,Governance Commission for Government-Owned or Controlled Corporations,385707,265967,394549,12
Other General Public Services,Department/Agencies,Other Executive Offices,Office of the Presidential Adviser on Peace Reconciliation and Unity,7111443,7094978,8133437,12
Other General Public Services,Department/Agencies,Other Executive Offices,National Amnesty Commission,0,120001,305544,12
Other General Public Services,Department/Agencies,Other Executive Offices,Metropolitan Baguio City La Trinidad Itogon Sablan,0,0,24979,12
Other General Public Services,Department/Agencies,Allocations to Local Government Units,Metropolitan Manila Development Authority,6112084,8857537,6783744,12
Other General Public Services,Other Special Purpose Funds,Allocations to Local Government Units,Local Government Support Fund,22705330,22999970,57872578,12
Other General Public Services,Other Special Purpose Funds,Allocations to Local Government Units,Barangay Officials Death Benefits,0,50000,0,12
Other General Public Services,Other Special Purpose Funds,Contingent Fund,None,0,1092000,52000,12
Other General Public Services,Other Special Purpose Funds,National Disaster Risk Reduction and Management Fund (Calamity Fund),None,0,567000,1154848,12
Other General Public Services,Other Special Purpose Funds,Miscellaneous Personnel Benefits Fund,None,0,0,77048,12
Other General Public Services,Other Special Purpose Funds,Tax Expenditures Fund,None,0,4785000,4785000,12
Subsidy to Local Government Units,None,None,Bangsamoro Autonomous Region in Muslim Mindanao,0,25035267,27880296,12
Subsidy to Local Government Units,None,None,National Tax Allotment,243985056,289689363,333342708,12
NET LENDING,None,None,None,6931000,28700000,28700000,12
DEBT-SERVICE-INTEREST PAYMENTS,None,None,None,763313000,848030688,950000000,12
