Project Number,Project Name,Country,Financing,Project Type or Modality,Status,Approval Number,Approval Date,ADB Financing (US$),Geographical Location,Sector,Subsector,Safeguard - Environment,Safeguard - Indigenous People,Safeguard - Resettlement,Department,Executing Agency,Project Officer
41076-044,Road Improvement and Institutional Development Project,Philippines,Sovereign,Loan,Active,2836 | 8267,12/15/2011,"62,000,000.00","Baguio City, Bauang, Butuan, Cabangan, Cagayan de Oro, Calinog, Candelaria, Carmen, Castillejos, Dipolog City, Guihulngan, Iloilo, Jaro, Kabacan, La Libertad, Manjuyod, Masinloc, Naguilian, Olongapo City, Palauig, Palo, Poblacion, Province of Agusan del Norte, Province of Benguet, Province of Iloilo, Province of La Union, Province of Leyte, Province of Misamis Oriental, Province of Negros Oriental, Province of North Cotabato, Province of Zambales, Province of Zamboanga del Norte, San Marcelino, San Narciso, Santa Cruz, Subic, Tanauan, Tolosa, Vallehermoso",Transport,Road transport (non-urban),B,C,C,Southeast Asia Department,Dept. of Public Works & Highways,"Kimura, Shuji"
41076-048,Improving Growth Corridors in Mindanao Road Sector Project,Philippines,Sovereign,Loan,Active,3631,12/14/2017,"380,000,000.00","Province of Zamboanga Sibugay, Province of Zamboanga del Norte, Zamboanga Peninsula",Transport,Road transport (non-urban),B,B,A,Sectors Department 1,Dept. of Public Works & Highways,"Kim, Hwanhee"
41665-013,Water District Development Sector Project,Philippines,Sovereign,Grant | Loan | Technical Assistance,Active,0477 | 3389 | 9103,4/22/2016,"60,000,000.00","Nation-wide, City of Koronadal, Province of La Union",Water and other urban infrastructure and services,Urban sanitation | Urban water supply,B,B,B,Sectors Department 2,Local Water Utilities Administration,"Baird, Alan"
43407-016,"Strengthening Social Protection, Education, and Health Reforms Facility",Philippines,Sovereign,Technical Assistance,Active,9079,02/09/2016,"4,310,000.00",Nation-wide,Education | Health | Public sector management,Education sector development - social protection initiatives | Technical and vocational education and training | Health insurance and subsidized health programs | Social protection initiatives,,,,Sectors Department 3,Asian Development Bank,"Jilani, Amir H."
45089-003,Secondary Education Support Program,Philippines,Sovereign,Technical Assistance,Active,9071,1/28/2016,"4,182,000.00",Nation-wide,Education,Secondary,,,,Sectors Department 3,Department of Education,"Prina, Manuela"
45089-004,Secondary Education Support Program,Philippines,Sovereign,Loan,Active,3790,5/23/2019,"300,000,000.00",Nation-wide,Education,Secondary,C,C,C,Sectors Department 3,Department of Education,"Prina, Manuela"
45296-006,Davao Public Transport Modernization Project,Philippines,Sovereign,Loan | Technical Assistance,Active,10120 | 4324 | 8449 | 8450,6/29/2023,"1,015,190,000.00",Davao City,Transport,Urban public transport,B,B,A,Sectors Department 1,Department of Transportation,"Kimura, Shuji"
46362-002,Angat Water Transmission Improvement Project,Philippines,Sovereign,Loan,Active,3377 | 3935,3/18/2016,"249,320,000.00","Nation-wide, National Capital Region",Water and other urban infrastructure and services,Urban water supply,B,B,C,Sectors Department 2,Metropolitan Waterworks and Sewerage System,"Morel, Alain X."
47338-001,Emergency Assistance and Early Recovery for Poor Municipalities Affected by Typhoon Yolanda,Philippines,Sovereign,Grant,Active,9175,12/13/2013,0,,Public sector management,,C,C,C,Sectors Department 3,Department of Finance,"Medina, Mariangela Paz C."
49386-001,Financial Inclusion Framework Strengthening,Philippines,Sovereign,Technical Assistance,Active,9166,8/31/2016,"1,150,000.00",Nation-wide,Finance,Finance sector development | Housing finance | Inclusive finance | Insurance and contractual savings | Small and medium enterprise finance and leasing,,,,Sectors Department 3,Bangko Sentral ng Pilipinas,"Hattel, Kelly L."
50288-001,Infrastructure Preparation and Innovation Facility,Philippines,Sovereign,Loan | Technical Assistance,Active,10229 | 3589 | 3886 | 4424,10/27/2017,"500,500,000.00",Nation-wide,"Agriculture, natural resources and rural development | Transport",Rural flood protection | Road transport (non-urban) | Transport policies and institutional development | Urban public transport,C,C,C,Sectors Department 1,Department of Finance,"Shim, Chaorin"
50288-005,Strengthening Infrastructure Capacity and Innovation for Inclusive Growthâ€“Phase 2,Philippines,Sovereign,Technical Assistance,Active,10084,12/28/2022,"1,060,000.00",Nation-wide,"Agriculture, natural resources and rural development | Transport | Water and other urban infrastructure and services","Rural flood protection | Transport policies and institutional development | Urban policy, institutional and capacity development",,,,Sectors Department 1,Department of Finance,"Shim, Chaorin"
50288-008,Preparing and Implementing Climate- and Disaster-Resilient Transport Projects,Philippines,Sovereign,Technical Assistance,Active,10484,12/18/2024,"3,000,000.00",Nation-wide,Transport,Road transport (non-urban) | Transport policies and institutional development | Water transport (non-urban),,,,Sectors Department 1,Department of Finance,"Shim, Chaorin"
51117-003,Epifanio de los Santos Avenue Greenways Project,Philippines,Sovereign,Loan,Active,4043 | 8391,12/11/2020,"123,000,000.00",National Capital Region,Transport,Urban public transport,B,C,B,Sectors Department 1,Department of Transportation,"Fay, David R."
51294-001,Integrated Flood Resilience and Adaptation Project - Phase 1,Philippines,Sovereign,Grant | Loan,Active,0905 | 4345,9/13/2023,"303,240,000.00","Abra River, Agus River, Tagum River","Agriculture, natural resources and rural development",Rural flood protection,B,B,A,Sectors Department 2,Dept. of Public Works & Highways,"Sagara, Junko"
51294-002,Integrated Flood Risk Management Sector Project,Philippines,Sovereign,Technical Assistance,Active,9535,6/21/2018,"1,000,000.00","Abra River, Abulug River, Agus River, Buayan River, Jalaur River, Tagum River","Agriculture, natural resources and rural development","Rural flood protection | Rural water policy, institutional and capacity development",,,,Sectors Department 2,Dept. of Public Works & Highways,"Sagara, Junko"
52078-001,Capacity Building to Foster Competition Project,Philippines,Sovereign,Loan,Active,3878,12/05/2019,"23,300,000.00",Nation-wide,Public sector management,Economic affairs management | Law and judiciary | Public administration,C,C,C,Sectors Department 3,Philippine Competition Commission,"Valiyev, Nail"
52083-001,Malolos-Clark Railway Project,Philippines,Sovereign,Loan,Active,106,5/23/2019,"2,750,000,000.00","Angeles, Apalit, Clark Special Economic Zone, Mabalacat, Malolos, Minalin, San Fernando, Santo Tomas",Transport,Rail transport (non-urban),,,,Sectors Department 1,,"Sakaguchi, Satomi"
52083-003,Malolosâ€“Clark Railway Project (Tranche 2),Philippines,Sovereign,Loan,Active,4589,4/15/2025,"1,450,000,000.00","Angeles City, Apalit, Calumpit, Clark Special Economic Zone, Mabalacat, Malolos, Minalin, San Fernando City, Santo Tomas",Transport,Rail transport (non-urban),A,C,A,Sectors Department 1,Department of Transportation,"Sakaguchi, Satomi"
52083-006,Railway Project Implementation Support and Institutional Strengthening,Philippines,Sovereign,Technical Assistance,Active,9570,8/22/2018,"2,200,000.00","Angeles, Apalit, Calumpit, Clark Special Economic Zone, Mabalacat, Malolos, Minalin, San Fernando, Santo Tomas",Transport,Rail transport (non-urban),,,,Sectors Department 1,Department of Transportation,"Sakaguchi, Satomi"
52173-002,Local Governance Reform Project,Philippines,Sovereign,Loan,Active,3944,6/26/2020,"26,532,604.00",Nation-wide,Public sector management,Decentralization,C,C,C,Sectors Department 3,Bureau of Local Government Finance,"Valiyev, Nail"
52181-001,Metro Manila Bridges Project,Philippines,Sovereign,Loan,Active,4168,12/14/2021,"175,100,000.00","City of Marikina, City of Pasig, Quezon City",Transport,Urban roads and traffic management,B,C,A,Sectors Department 1,Dept. of Public Works & Highways,"Zhao, Gengwen"
52220-001,South Commuter Railway Project,Philippines,Sovereign,Loan | Technical Assistance,Active,114,06/09/2022,"4,300,000,000.00","Binan, Cabuyao, Calamba, City of Muntinlupa, City of Paranaque, Makati City, Manila, Pasay, San Pedro, Santa Rosa, Taguig",Transport,Rail transport (non-urban),,,,Sectors Department 1,,"Sakaguchi, Satomi"
52220-002,South Commuter Railway Project - Tranche 1,Philippines,Sovereign,Loan | Technical Assistance,Active,4188 | 6922,06/09/2022,"1,750,000,000.00","Binan, Cabuyao, Calamba, City of Muntinglupa, City of Paranaque, Makati City, Manila, Pasay, San Pedro, Santa Rosa, Taguig",Transport,Rail transport (non-urban),A,C,A,Sectors Department 1,Department of Transportation,"Sakaguchi, Satomi"
52257-001,Expanded Social Assistance Project,Philippines,Sovereign,Loan,Active,3930,06/10/2020,"500,000,000.00",Nation-wide,Education | Health,Education sector development - social protection initiatives | Mother and child health care,C,B,C,Sectors Department 3,Department of Social Welfare and Development,"Jilani, Amir H."
52310-001,Bataanâ€“Cavite Interlink Bridge Project,Philippines,Sovereign,Loan,Active,117,12/12/2023,"2,108,366,000.00",Nation-wide,Transport,Road transport (non-urban),,,,Sectors Department 1,,"Shim, Cha-Sang"
52310-002,"Bataanâ€“Cavite Interlink Bridge Project, Tranche 1",Philippines,Sovereign,Loan,Active,4432 | 8469,12/12/2023,"650,000,000.00",Nation-wide,Transport,Road transport (non-urban),A,C,A,Sectors Department 1,Dept. of Public Works & Highways,"Shim, Cha-Sang"
52310-005,Sustainable Transport Development Diagnostic in Bataan Province,Philippines,Sovereign,Technical Assistance,Active,10077,12/24/2022,"225,000.00",Province of Bataan,Transport,Transport policies and institutional development,,,,Sectors Department 1,Dept. of Public Works & Highways,"Zhao, Gengwen"
52313-001,Emergency Assistance for Reconstruction and Recovery of Marawi,Philippines,Sovereign,Grant | Loan,Active,0635 | 3768 | 3769 | 9201,12/14/2018,"400,000,000.00",Marawi City,Education | Health | Industry and trade | Public sector management | Transport,Education sector development - social protection initiatives | Health system development | Small and medium enterprise development | Public expenditure and fiscal management | Road transport (non-urban) | Urban roads and traffic management,B,B,A,Sectors Department 1,Department of Finance,"Luo, Yidan"
52321-001,Laguna Lakeshore Road Network Project,Philippines,Sovereign,Loan,Active,118,11/07/2024,"1,698,211,692.00","Alabang, Cabuyao, Santa Rosa, Sucat Interchange, Tunasan, Western Bicutan",Transport,Urban roads and traffic management,,,,Sectors Department 1,,"Shim, Cha-Sang"
52321-002,Laguna Lakeshore Road Network Project Tranche 1,Philippines,Sovereign,Loan,Active,4523 | 8486,11/07/2024,"1,188,748,184.00","Alabang, Cabuyao, Santa Rosa, Sucat Interchange, Tunasan, Western Bicutan",Transport,Urban roads and traffic management,A,C,A,Sectors Department 1,Dept. of Public Works & Highways,"Shim, Cha-Sang"
53338-001,Upgrading and Enhancing the Corporate Registration System,Philippines,Sovereign,Technical Assistance,Active,6667,12/10/2020,0,Nation-wide,Finance,Finance sector development,,,,Sectors Department 3,Department of Finance,"Rabidin, Ahmad Faris Bin"
54171-002,Health System Enhancement to Address and Limit COVID-19,Philippines,Sovereign,Loan,Active,3961,8/24/2020,"125,000,000.00",Nation-wide,Health,Disease control  of communicable disease | Health sector development and reform,C,C,C,Sectors Department 3,Department of Health,"Tanaka, Sakiko"
54332-001,Supporting Innovation in the Philippine Technical and Vocational Education and Training System Project,Philippines,Sovereign,Loan,Active,4268,12/05/2022,"100,000,000.00",Nation-wide,Education,Technical and vocational education and training,B,B,C,Sectors Department 3,Technical Education & Skills Dev. Authority(TESDA),"Potluri, Vishal Aditya"
54404-001,EdTech Solutions for Last Mile Schools in COVID-19,Philippines,Sovereign,Technical Assistance,Active,6670,12/11/2020,0,Nation-wide,Education,Education sector development,,,,Sectors Department 3,Department of Education,"Potluri, Vishal Aditya"
55105-001,Build Universal Health Care Program (Subprogram 1),Philippines,Sovereign,Loan | Technical Assistance,Active,4145 | 6832,11/19/2021,"600,000,000.00",Nation-wide,Health,Health sector development and reform,C,C,C,Sectors Department 3,Department of Finance,"Watabe, Akihito"
55313-001,Support for Development of Philippine Growth Strategy,Philippines,Sovereign,Technical Assistance,Active,6902,12/28/2021,"225,000.00",Nation-wide,"Agriculture, natural resources and rural development | Industry and trade | Information and communication technology | Public sector management","Agro-industry, marketing, and trade | Industry and trade sector development | Trade and services | ICT industries and ICT-enabled services | Economic affairs management",,,,Southeast Asia Department,Asian Development Bank,"Mendoza, Teresa B."
56288-001,Domestic Resource Mobilization Program (Subprogram 1),Philippines,Sovereign,Loan,Active,4376 | 8458,11/14/2023,"400,000,000.00",Nation-wide,Public sector management,Decentralization | Public expenditure and fiscal management,C,C,C,Sectors Department 3,Department of Finance,"Chongvilaivan, Aekapol"
56369-001,Project Development and Monitoring Facility,Philippines,Sovereign,Loan,Active,4577,12/12/2024,"30,000,000.00",Nation-wide,"Agriculture, natural resources and rural development | Public sector management",Rural water supply services | Public expenditure and fiscal management,C,C,C,Sectors Department 3,PPP Center of the Philippines (attached to NEDA),"Park, Hosung"
57039-001,Republic of the Philippines: Transaction Advisory Services for the Preparation of Public-Private Partnership Projects,Philippines,Sovereign,Technical Assistance,Active,10108,4/24/2023,"3,650,000.00","Nation-wide, National Capital Region",Energy | Transport,Renewable energy generation - solar | Urban public transport,,,,Office of Markets Development and Public-Private Partnership,Department of Energy,"Devys, Henri C."
57075-001,"Insurance Reform Program, Subprogram 1",Philippines,Sovereign,Loan,Active,4660,10/14/2025,"400,000,000.00",Nation-wide,Finance,Insurance and contractual savings,C,C,C,Sectors Department 3,Department of Finance,"Rabidin, Ahmad Faris Bin"
57138-001,Food Voucher Program to Reduce Food Insecurity and Malnutrition,Philippines,Sovereign,Technical Assistance,Active,10206,12/01/2023,"500,000.00","Bangsamoro Autonomous Region of Muslim Mindanao, Bicol Region, Cagayan Valley, Caraga Region, National Capital Region",Public sector management,Social protection initiatives,,,,Sectors Department 3,Department of Social Welfare and Development,"Jilani, Amir H."
57165-001,Support for National Governance Reform,Philippines,Sovereign,Technical Assistance,Active,10138,8/17/2023,"225,000.00",Nation-wide,Public sector management,Public expenditure and fiscal management,,,,Sectors Department 3,Department of Budget and Management,"Park, Hosung"
57177-001,Supporting the Digital Transformation of the Civil Service,Philippines,Sovereign,Technical Assistance,Active,10209,12/01/2023,"500,000.00",Nation-wide,Information and communication technology | Public sector management,"ICT strategy and policy, and capacity development | Reforms of state owned enterprises",,,,Southeast Asia Department,Department of Finance,"Yap, Wei W."
57269-001,Supporting Long-Term Planning for Climate Action,Philippines,Sovereign,Technical Assistance,Active,10200,11/28/2023,"500,000.00",Nation-wide,Public sector management,Public administration,,,,Southeast Asia Department,Climate Change Commission,"Griffies Weld, Esther, S."
57309-002,Strengthening Governance and Financial Oversight of Government-Owned or -Controlled Corporations,Philippines,Sovereign,Technical Assistance,Active,10286,02/05/2024,"475,000.00",Nation-wide,Public sector management,Public expenditure and fiscal management | Reforms of state owned enterprises,,,,Sectors Department 3,Department of Finance,"Syquia, Jose Luis C."
58136-001,Reducing Food Insecurity and Undernutrition with Electronic Vouchers Project,Philippines,Sovereign,Loan,Active,4616 | 8503 | 8504,08/12/2025,"400,000,000.00",Nation-wide,Health | Public sector management,Nutrition | Social protection initiatives,C,B,C,Sectors Department 3,Department of Social Welfare and Development,"Jilani, Amir H."
58196-001,Energy Transition Support Program,Philippines,Sovereign,Technical Assistance,Active,10412,11/28/2024,"2,350,000.00",Nation-wide,Energy,Conventional energy generation | Electricity transmission and distribution | Energy efficiency and conservation | Energy sector development and institutional reform | Renewable energy generation - geothermal | Renewable energy generation - wind,,,,Sectors Department 1,Department of Energy,"Yamamura, Shigeru"
58287-001,Natural Disasters and Child Development in the Philippines,Philippines,Sovereign,Technical Assistance,Active,10343,9/18/2024,"225,000.00",Nation-wide,Education,Pre-primary and primary,,,,Economic Research and Development Impact Department,Philippine Institute for Development Studies,"Swaminathan, Hema"
58458-001,Enhancing Asset Management and Gender Inclusion for Improved Disaster Resilience,Philippines,Sovereign,Technical Assistance,Active,10395,11/18/2024,"219,000.00",Nation-wide,Public sector management,Decentralization | Public administration,,,,Sectors Department 3,Department of Finance,"Syquia, Jose Luis C."
58476-001,"Strengthening Partnership with Government for Climate Resilience, Connectivity, and Inclusive Growth",Philippines,Sovereign,Technical Assistance,Active,10447,12/09/2024,"1,500,000.00",Nation-wide,Education | Public sector management,Education sector development | Public administration,,,,Southeast Asia Department,"Department of Economy, Planning, and Development","van Etten, Joris G. P."
58526-002,Supporting Domestic Revenue Mobilization in the Philippines,Philippines,Sovereign,Technical Assistance,Active,10481,12/13/2024,"469,000.00",Nation-wide,Public sector management,Public administration,,,,Sectors Department 3,Asian Development Bank,"Webb, James M."
25182-013,Secondary Education Development and Improvement,Philippines,Sovereign,Loan,Approved,,12/11/1998,0,14 poverty-affected rural provinces.,Education,Pre-primary and primary,C,,,Southeast Asia Department,Department of Education,ADB Disclosure
27086-013,Early Childhood Development,Philippines,Sovereign,Loan,Approved,,1/27/1998,0,"132 LGUs in 10 provinces in Regions 6, 7, and 12.",Health,Mother and child health care,C,,,Southeast Asia Department,Department of Social Welfare and Development,ADB Disclosure
30480-013,Metro Manila Air Quality Improvement Sector Development Program,Philippines,Sovereign,Loan,Approved,,12/16/1998,0,Metro Manila and the surrounding provinces in its air shed,Transport,Transport policies and institutional development,C,,,Southeast Asia Department,Department of Environment & Natural Resources,ADB Disclosure
30480-023,Metro Manila Air Quality Improvement (Air Pollution Control Facility),Philippines,Sovereign,Loan,Approved,,12/16/1998,0,Metro Manila and the surrounding provinces in its air shed,Transport,Transport policies and institutional development,C,,,Southeast Asia Department,Land Bank of the Philippines,ADB Disclosure
30480-033,Metro Manila Air Quality Improvement  (Investment Loan),Philippines,Sovereign,Loan,Approved,,12/16/1998,0,Metro Manila and the surrounding provinces in its air shed,Transport,Transport policies and institutional development,C,,,Southeast Asia Department,Department of Environment & Natural Resources,ADB Disclosure
30540-013,Agrarian Reform Communities,Philippines,Sovereign,Loan,Approved,,12/18/1998,0,"the Project covers 33 provinces in Luzon, Visayas, Mindanao, and ARMM.",Agriculture and Natural Resources,"Agriculture, natural resources and rural development",B,,,Southeast Asia Department,Department of Agrarian Reform,ADB Disclosure
57309-001,Second Disaster Resilience Improvement Program,Philippines,Sovereign,Loan,Approved,4580,1/29/2025,"500,000,000.00",Nation-wide,Finance | Public sector management,Insurance and contractual savings | Decentralization | Public administration,C,C,C,Sectors Department 3,Department of Finance,"Syquia, Jose Luis C."
58379-001,Marine Ecosystems for Blue Economy Development Program (Subprogram 1),Philippines,Sovereign,Loan,Approved,4725,12/09/2025,"500,000,000.00",Nation-wide,"Agriculture, natural resources and rural development",Fishery | Rural flood protection | Water-based natural resources management,C,C,C,Sectors Department 2,Department of Finance,"Rive, Nathan A."
59092-001,Business Environment Strengthening with Technology Program (Subprogram 1),Philippines,Sovereign,Loan,Approved,4724,12/09/2025,"400,000,000.00",Nation-wide,Information and communication technology | Public sector management,"ICT industries and ICT-enabled services | ICT strategy and policy, and capacity development | Economic affairs management",C,C,C,Sectors Department 3,Department of Finance,"Narain, Ashish"
23229-013,Technical Education and Skills Development,Philippines,Sovereign,Loan | Technical Assistance,Closed,1750 | 1751 | 3482 | 8192,8/24/2000,"45,775,000.00",,Education,Technical and vocational education and training,C,,,Southeast Asia Department,Technical Education & Skills Dev. Authority(TESDA),"Inagaki, Ayako"
27245-013,Southern Philippines Irrigation Sector,Philippines,Sovereign,Loan,Closed,1668,12/18/1998,"60,000,000.00",,"Agriculture, natural resources and rural development",,B,,,Southeast Asia Department,Department of Finance,"Bui, Giap Minh"
30308-013,Pasig River Environmental Management and Rehabilitation Sector Development Program (Policy Loan),Philippines,Sovereign,Loan | Technical Assistance,Closed,1745 | 1746 | 3469,7/20/2000,"176,000,000.00",,"Agriculture, natural resources and rural development | Water and other urban infrastructure and services","Water-based natural resources management | Renovation and protection of cultural heritage | Urban housing | Urban policy, institutional and capacity development | Urban sanitation",B,,,Southeast Asia Department,Department of Finance,"Williams, Allen"
30551-012,Mindanao Urban Planning and Basic Services,Philippines,Sovereign,Technical Assistance,Closed,3021,5/27/1998,"1,000,000.00",,For classification,For classification,B,,,Southeast Asia Department,Department of Finance,"Williams, Allen"
30551-013,Mindanao Basic Urban Services Sector,Philippines,Sovereign,Loan,Closed,1843,9/27/2001,"30,000,000.00",,Transport | Water and other urban infrastructure and services,"Road transport (non-urban) | Other urban services | Urban flood protection | Urban policy, institutional and capacity development | Urban sanitation | Urban solid waste management | Urban water supply",B,,,Southeast Asia Department,Department of Interior and Local Government,"Weitz, Almud"
30552-012,Infrastructure for Rural Productivity Enhancement Sector Project,Philippines,Sovereign,Technical Assistance,Closed,3194,5/15/1999,"800,000.00",,For classification,For classification,B,,,Southeast Asia Department,Dept. of Agriculture (Office of the Secretary),"Mir, Javed Hussain"
30552-013,Infrastructure for Rural Productivity Enhancement Sector Project,Philippines,Sovereign,Loan,Closed,1772,10/31/2000,"75,000,000.00",,"Agriculture, natural resources and rural development","Agricultural policy, institutional and capacity development",B,,,Southeast Asia Department,Dept. of Agriculture (Office of the Secretary),"Bui, Giap Minh"
32499-012,Development of Poor Urban Communities,Philippines,Sovereign,Technical Assistance,Closed,3291,11/10/1999,"1,000,000.00",,Water and other urban infrastructure and services,Transport policies and institutional development,B,,,Southeast Asia Department,Housing and Urban Development Coordinating Council,"Steinberg, Florian"
32499-013,Development of Poor Urban Communities Sector,Philippines,Sovereign,Loan,Closed,2063,12/18/2003,"30,500,000.00",,Water and other urban infrastructure and services,"Urban policy, institutional and capacity development",B,,,Southeast Asia Department,Development Bank of the Philippines,"Steinberg, Florian"
33276-012,Integrated Coastal Resources Management,Philippines,Sovereign,Technical Assistance,Closed,3692,08/02/2001,"598,000.00",,"Agriculture, natural resources and rural development",Water-based natural resources management,B,,,Southeast Asia Department,Department of Environment & Natural Resources,Weidong Zhou
33276-013,Integrated Coastal Resources Management,Philippines,Sovereign,Grant | Loan,Closed,0071 | 2311,1/23/2007,"33,800,000.00","Cagayan, Cebu, Davao Oriental, Masbate, Siquijor, Zambales","Agriculture, natural resources and rural development",Land-based natural resources management | Water-based natural resources management,B,B,C,Southeast Asia Department,Department of Environment and Natural Resources,"Leung, Leonard H."
33278-013,Health Sector Development Program,Philippines,Sovereign,Loan,Closed,2136 | 2137,12/15/2004,"213,000,000.00","Bangui District Hospital, Batangas Medical Center, Dingras, Dingras District Hospital, Governor Roque B. Ablan Sr. Memorial Hospital, Luis Hora Medical Center, Mariano Marcos Medical Hospital, Nueva Era, Oriental Mindoro, Oriental Mindoro Provincial Hospital, Pinamalayan Community Hospital, Province of Ifugao, Province of Ilocos Norte, Province of Nueva Vizcaya, Province of Romblon, Roxas District Hospital, Veterans Memorial Medical Center",Health,Health sector development and reform,B,,,Southeast Asia Department,Department of Finance,"Servais, Gerard"
33453-012,Irrigation System Operation Efficiency Improvement Project,Philippines,Sovereign,Technical Assistance,Closed,7141,9/30/2008,"1,000,000.00",,"Agriculture, natural resources and rural development",Irrigation,B,B,C,Southeast Asia Department,National Irrigation Administration,"Watanabe, Kazuhiro"
34088-012,Regional Capability  Building and Governance for an Expanded ARMM,Philippines,Sovereign,Technical Assistance,Closed,3966,11/04/2002,"600,000.00",,Public sector management,Decentralization,,,,Southeast Asia Department,ARMM Regional Planning and Development Office,"Sasaki, Eiichi"
35166-022,Harmonization and Managing for Results,Philippines,Sovereign,Technical Assistance,Closed,4686,11/04/2005,"700,000.00",,Public sector management,Economic affairs management,,,,Southeast Asia Department,Department of Finance,"Balbosa, Joven Z."
36018-013,Electricity Market and Transmission Development,Philippines,Sovereign,Loan,Closed,1984,12/19/2002,"40,000,000.00",,Energy,Electricity transmission and distribution,B,,,Southeast Asia Department,National Transmission Corporation (TRANSCO),"Kausar, Rehan"
36540-012,Master Plan for Agusan River Basin,Philippines,Sovereign,Technical Assistance,Closed,4552,12/23/2004,"970,000.00",,"Agriculture, natural resources and rural development",Water-based natural resources management,,,,Southeast Asia Department,Department of Environment and Natural Resources,"Miyazato, Tetsuro"
36677-012,Support for ARMM Basic Education Development Project,Philippines,Sovereign,Technical Assistance,Closed,4524,12/23/2004,"375,000.00",,Education,Pre-primary and primary,,,,Southeast Asia Department,ARMM Regional Planning and Development Office,"Duncan, Wendy"
37233-012,Intermodal Transport Development,Philippines,Sovereign,Technical Assistance,Closed,4344,5/31/2004,"1,000,000.00",,Transport,Transport policies and institutional development,A,,,Southeast Asia Department,Department of Transportation & Communications,"Date, Shihiru"
37704-012,Capacity Building for Housing Microfinance,Philippines,Sovereign,Technical Assistance,Closed,4293,12/18/2003,"1,500,000.00",,Finance,Housing finance,,,,Southeast Asia Department,Housing and Urban Development Coordinating Council,"Bird, Kelly"
37749-012,Agrarian Reform Communities II,Philippines,Sovereign,Technical Assistance,Closed,4390,9/14/2004,"250,000.00",,"Agriculture, natural resources and rural development","Agricultural policy, institutional and capacity development",B,,,Southeast Asia Department,Department of Agrarian Reform,"Khan, Malik Muhammad Ehsan"
37749-013,Agrarian Reform Communities Project  II,Philippines,Sovereign,Loan,Closed,2465 | 8238,10/27/2008,"70,000,000.00","Basilan, Camarines Norte, Camarines Sur, Eastern Samar, Lanao Del Sur, Leyte, Maguindanao, Maguindanao, Marinduque, Mindoro Occidental, Mindoro Oriental, Negros Occidental, Negros Oriental, Northern Samar, Palawan, Romblon, Samar, Sorsogon, Sulu, Tawi-Tawi, Zamboanga Del Norte, Zamboanga Del Sur, Zamboanga Sibugay","Agriculture, natural resources and rural development","Agricultural production | Irrigation | Rural flood protection | Rural market infrastructure | Rural water policy, institutional and capacity development | Rural water supply services",B,A,B,Southeast Asia Department,Department of Agrarian Reform,"Mukhamedyarova, Aliya"
37752-012,Technical Assistance for Institutional Strengthening of Energy Regulatory Commission and Privatization of NPC.,Philippines,Sovereign,Technical Assistance,Closed,4557,12/28/2004,"1,200,000.00",,Energy,Energy sector development and institutional reform,,,,Southeast Asia Department,Energy Regulatory Commission (ERC),"Zhai, Yongping"
37752-013,Power Sector Development Program Loan,Philippines,Sovereign,Loan,Closed,2282,12/08/2006,"450,000,000.00",,Energy,Energy sector development and institutional reform,C,C,C,Southeast Asia Department,Department of Finance,"Zhai, Yongping"
38275-022,Local Governance and Fiscal Management Project (formerly Strengthening LGU Management and Administration),Philippines,Sovereign,Technical Assistance,Closed,4778,04/03/2006,"1,800,000.00",,Public sector management,Decentralization,,,,Southeast Asia Department,Department of Budget and Management,"Anglingkusumo, Reza"
38276-013,Financial Market Regulation and Intermediation Program,Philippines,Sovereign,Loan | Technical Assistance,Closed,2278 | 4884,12/06/2006,"200,800,000.00",,Finance,Finance sector development,C,C,C,Southeast Asia Department,Department of Finance,"Schuster, Stephen R."
38276-023,Financial Market Regulation and Intermediation Program - Subprogram 2,Philippines,Sovereign,Loan,Closed,2715,12/07/2010,"200,000,000.00",,Finance,Banking systems and nonbank financial institutions | Finance sector development | Insurance and contractual savings | Money and capital markets,,,,Southeast Asia Department,Department of Finance,"Schuster, Stephen R."
38277-012,"Enhancing the Autonomy, Accountability and Efficiency of the Judiciary, and Improving the Administration of Justice",Philippines,Sovereign,Technical Assistance,Closed,4832,8/30/2006,"800,000.00",,Public sector management,Law and judiciary,,,,Southeast Asia Department,Supreme Court of the Philippines,"Kertzman, Debra J."
38398-012,Metro Manila Services for the Urban Poor,Philippines,Sovereign,Technical Assistance,Closed,4616,7/19/2005,"700,000.00",,Water and other urban infrastructure and services,"Urban policy, institutional and capacity development",B,C,A,Southeast Asia Department,Housing and Urban Development Coordinating Council,"Steinberg, Florian"
38604-012,Local Government Finance and Budget Reform,Philippines,Sovereign,Technical Assistance,Closed,4556,12/23/2004,"850,000.00",,Public sector management,Decentralization,,,,Southeast Asia Department,Department of Finance,"Bird, Kelly"
39031-012,Strategy for Sustainable Aquaculture Development for Poverty Reduction,Philippines,Sovereign,Technical Assistance,Closed,4708,12/02/2005,"600,000.00",,"Agriculture, natural resources and rural development",Fishery,,,,Southeast Asia Department,Bureau of Fisheries & Aquatic Resources,"Islam, Mohammed Nasimul"
39066-012,Support for Health Sector Reform,Philippines,Sovereign,Technical Assistance,Closed,4647,9/15/2005,"1,000,000.00",,Health,Health sector development and reform,,,,Southeast Asia Department,Department of Health,"Inagaki, Ayako"
39516-013,Local Government Financing and Budget Reform Program Cluster (Subprogram 1),Philippines,Sovereign,Loan | Technical Assistance,Closed,2387 | 7019,12/13/2007,"300,800,000.00",,Public sector management,Decentralization,C,C,C,Southeast Asia Department,Department of Finance,"Anglingkusumo, Reza"
39516-022,Support to Local Government Financing,Philippines,Sovereign,Technical Assistance,Closed,7451,12/15/2009,"700,000.00",,Public sector management,Decentralization | Public expenditure and fiscal management,,,,Southeast Asia Department,Bureau of Local Government Finance,"Gomez Reino, Juan L."
39516-023,Local Government Financing and Budget Reform Program - Subprogram 2,Philippines,Sovereign,Loan,Closed,2584,11/26/2009,"225,000,000.00",,Public sector management,Public expenditure and fiscal management,C,C,C,Southeast Asia Department,Department of Finance,"Gomez Reino, Juan L."
39606-012,Government Owned and Controlled Corporations Reform (GOCC),Philippines,Sovereign,Technical Assistance,Closed,4809,6/29/2006,"750,000.00",,Finance,Banking systems and nonbank financial institutions,,,,Southeast Asia Department,Department of Finance,"Balbosa, Joven Z."
40217-022,Southern Leyte Landslide Disaster Assistance,Philippines,Sovereign,Grant,Closed,9102,12/15/2006,0,,Multisector,,B,C,C,Southeast Asia Department,Provincial Government of Southern Leyte,Xinning Jia
40345-012,Strengthening Provincial and Local Planning and Expenditure Management  Phase 2,Philippines,Sovereign,Technical Assistance,Closed,7074,04/04/2008,"650,000.00",,Public sector management,Decentralization,,,,Southeast Asia Department,National Economic & Development Authority,"Mangahas, Joel V."
40538-013,Development Policy Support Program,Philippines,Sovereign,Loan | Technical Assistance,Closed,2315 | 4920,02/08/2007,"250,800,000.00",,Public sector management,Economic affairs management,C,C,C,Southeast Asia Department,National Economic & Development Authority,"Bird, Kelly"
40538-023,"Development Policy Support Program, Subprogram 2",Philippines,Sovereign,Loan | Technical Assistance,Closed,2450 | 7138,9/30/2008,"250,800,000.00",,Public sector management,Economic affairs management,C,C,C,Southeast Asia Department,Department of Budget and Management,"Bird, Kelly"
40538-033,Development Policy Support Program - Subprogram 3,Philippines,Sovereign,Loan | Technical Assistance,Closed,2545 | 7346,9/15/2009,"250,800,000.00",,Health | Public sector management,Health care finance | Economic affairs management | Public administration | Public expenditure and fiscal management,C,C,C,Southeast Asia Department,Department of Budget and Management,"Bird, Kelly"
41060-012,Harmonization and Development Effectiveness,Philippines,Sovereign,Technical Assistance,Closed,7190,12/08/2008,"900,000.00",,Public sector management,Economic affairs management,,,,Southeast Asia Department,Commission on Audit,"Buentjen, Claudia"
41067-012,Rural Electric Cooperatives Development Project,Philippines,Sovereign,Technical Assistance,Closed,7012,12/11/2007,"550,000.00",,Energy,Energy sector development and institutional reform,C,C,C,Southeast Asia Department,National Electrification Administration,"Samoza, Maria Aloha T."
41076-012,Road Sector Improvement Project,Philippines,Sovereign,Technical Assistance,Closed,7093,07/02/2008,"660,000.00",,Transport,Road transport (non-urban),,C,C,Southeast Asia Department,Dept. of Public Works & Highways,"Miller, Jeffrey M."
41076-022,Strengthening Transparency and Accountability in the Road Subsector,Philippines,Sovereign,Technical Assistance,Closed,7434,12/10/2009,"1,000,000.00",,Public sector management | Transport,Public administration | Road transport (non-urban),,,,Southeast Asia Department,Dept. of Public Works & Highways,"Miller, Jeffrey M."
41076-045,Improving National Roads for Inclusive Growth in Mindanao Project,Philippines,Sovereign,Technical Assistance,Closed,8574,12/16/2013,"1,200,000.00","Autonomous Region in Muslim Mindanao, Mindanao",Transport,Road transport (non-urban),,,,Southeast Asia Department,Dept. of Public Works & Highways,"Miller, Jeffrey M."
41081-012,Philippines Basic Urban Services Sector Project,Philippines,Sovereign,Technical Assistance,Closed,7062,2/19/2008,"650,000.00",,Water and other urban infrastructure and services,"Urban policy, institutional and capacity development",B,C,C,Southeast Asia Department,Department of Interior and Local Government,"Steinberg, Florian"
41220-012,Integrated Natural Resources and Environmental Management Sector Development Program,Philippines,Sovereign,Technical Assistance,Closed,7109,7/28/2008,"850,000.00",,"Agriculture, natural resources and rural development",Land-based natural resources management,B,A,C,Southeast Asia Department,Department of Environment and Natural Resources,"Ramachandran, Pavit"
41220-013,Integrated Natural Resources and Environmental Management Project,Philippines,Sovereign,Grant | Loan,Closed,0324 | 0325 | 2957 | 8266,12/03/2012,"101,410,000.00","Bohol, Cordillera Administrative Region, Lake Lanao, Province of Bukidnon","Agriculture, natural resources and rural development","Forestry | Rural market infrastructure | Rural water policy, institutional and capacity development | Water-based natural resources management",B,A,B,Sectors Department 2,Department of Environment and Natural Resources,"Terada, Shuhei"
41224-012,Agusan River Basin Integrated Water Resources Management Project,Philippines,Sovereign,Technical Assistance,Closed,7258,3/24/2009,"930,000.00",,"Agriculture, natural resources and rural development",Water-based natural resources management,,A,C,Southeast Asia Department,Department of Environment and Natural Resources,"Watanabe, Kazuhiro"
41380-013,Governance in Justice Sector Reform Program - Subprogram 1,Philippines,Sovereign,Loan | Technical Assistance,Closed,2489 | 7210,12/16/2008,"301,500,000.00",,Public sector management,Law and judiciary,C,C,C,Southeast Asia Department,Department of Finance,"Jena, Prasanna Kumar"
41380-023,Governance in Justice Sector Reform Program - Subprogram 2,Philippines,Sovereign,Loan | Technical Assistance,Closed,2840 | 8006,12/16/2011,"301,000,000.00",,Public sector management,Law and judiciary,C,C,C,Southeast Asia Department,Department of Finance,"Sasaki, Eiichi"
41602-022,Developing Microinsurance Project,Philippines,Sovereign,Grant,Closed,9118,2/15/2008,0,,Finance,,C,C,C,Southeast Asia Department,Department of Finance,"Aoki, Hiroyuki"
41664-012,Public-Private Partnership in Health (piggy-backed TA to the Credit for Better Health Care Project),Philippines,Sovereign,Technical Assistance,Closed,7257,3/25/2009,"1,000,000.00",,Health,Health sector development and reform,,,,Southeast Asia Department,Development Bank of the Philippines,"Servais, Gerard"
41664-013,Credit for Better Health Care Project,Philippines,Sovereign,Grant | Loan,Closed,0148 | 2515,3/25/2009,"37,698,363.88",Nation-wide,Health,Health sector development and reform,FI,A,C,Southeast Asia Department,Development Bank of the Philippines,"Servais, Gerard"
41665-012,Water District Development Sector Project,Philippines,Sovereign,Technical Assistance,Closed,7122,09/10/2008,0,,Water and other urban infrastructure and services,Urban water supply,,,,Southeast Asia Department,Local Water Utilities Administration,"Tansengco-Schapero, Stella"
41675-012,Enhancing Revenue Collection and Strengthening the Criminal Prosecution of Tax Evasion Cases,Philippines,Sovereign,Technical Assistance,Closed,7035,12/12/2007,"500,000.00",,Public sector management,Public expenditure and fiscal management,,,,Southeast Asia Department,Department of Finance,"Bird, Kelly"
42001-013,Philippine Energy Efficiency Project,Philippines,Sovereign,Grant | Loan,Closed,0142 | 2507,1/29/2009,"31,100,000.00","Nation-wide, Baguio City, Cagayan de Oro, Luzon, Mindanao, National Capital Region, Visayas",Energy,Energy efficiency and conservation,B,C,C,Southeast Asia Department,Department of Energy,"Kausar, Rehan"
42196-012,Decentralized Framework for Sustainable Natural Resources and Rural Infrastructure Management,Philippines,Sovereign,Technical Assistance,Closed,7716,12/17/2010,0,,"Agriculture, natural resources and rural development",Water-based natural resources management,,,,Southeast Asia Department,Department of Environment and Natural Resources,"Aman-Wooster, Syarifah"
42363-012,Urban Water Supply and Sanitation Project,Philippines,Sovereign,Technical Assistance,Closed,7683,11/26/2010,0,,Water and other urban infrastructure and services,Urban water supply,,,,Southeast Asia Department,Davao City Water District,"White, Michael E."
42476-012,Support to Policy Formulation to the Philippines,Philippines,Sovereign,Technical Assistance,Closed,7332,08/12/2009,"225,000.00",,Public sector management,Economic affairs management,,,,Southeast Asia Department,National Economic & Development Authority,"Haydarov, Aziz K."
42537-012,Strengthening the Philippine Government Electronic Procurement System,Philippines,Sovereign,Technical Assistance,Closed,7244,03/06/2009,"600,000.00",,Public sector management,Public administration | Public expenditure and fiscal management,,,,Operations Services and Financial Management Department,"Technical Support Ofc, Govt Procurement Policy Bd","Ismakova, Galiya"
43195-012,Computer Access Mentorship Program-a Public-Private Partnership for Enhancing Education Quality,Philippines,Sovereign,Technical Assistance,Closed,7513,04/12/2010,0,,Education,Pre-primary and primary,,,,Southeast Asia Department,Asian Development Bank,"LaRocque, Norman I.A."
43203-012,Results-Oriented Strategic Planning and Development Management for Inclusive Growth,Philippines,Sovereign,Technical Assistance,Closed,7806,4/13/2011,0,,Public sector management,Economic affairs management | Public administration | Public expenditure and fiscal management,,,,Southeast Asia Department,National Economic & Development Authority,"Chongvilaivan, Aekapol"
43205-012,Support to Local Government Revenue Generation and Land Administration Reforms,Philippines,Sovereign,Technical Assistance,Closed,7809,5/19/2011,"750,000.00",,Public sector management,Decentralization | Public expenditure and fiscal management,,,,Southeast Asia Department,Bureau of Local Government Finance,"Balbosa, Joven Z."
43207-012,Mitigation of Climate Change through Increased  Energy Efficiency and the Use of Clean Energy,Philippines,Sovereign,Technical Assistance,Closed,7754,12/16/2010,"925,000.00",,Energy,Energy efficiency and conservation,,,,Southeast Asia Department,Department of Energy,"Hasnie, Sohail"
43207-013,Market Transformation through Introduction of Energy-Efficient Electric Vehicles Project,Philippines,Sovereign,Grant | Loan,Closed,0326 | 2964 | 8261,12/11/2012,"300,000,000.00",.,Energy | Transport,Energy efficiency and conservation | Transport policies and institutional development,C,C,C,Southeast Asia Department,Department of Energy,"Inoue, Yuki"
43263-012,Support for Social Protection Reform (formerly MDG Acceleration and Poverty Reduction),Philippines,Sovereign,Technical Assistance,Closed,7733,12/13/2010,0,,Education | Health | Public sector management,Pre-primary and primary | Health insurance and subsidized health programs | Health system development | Social protection initiatives,,,,Southeast Asia Department,Department of Social Welfare and Development,"Chakravarti, Shamit"
43300-013,Countercyclical Support Loan,Philippines,Sovereign,Loan,Closed,2538,8/24/2009,"500,000,000.00",,Public sector management,Economic affairs management,,C,C,Southeast Asia Department,Department of Finance,"Bird, Kelly"
43396-013,Increasing Competitiveness for Inclusive Growth Program - Subprogram 1,Philippines,Sovereign,Loan,Closed,2872,6/26/2012,"350,000,000.00",,Public sector management,Economic affairs management,C,C,C,Southeast Asia Department,Department of Finance,"Bird, Kelly"
43396-014,Increasing Competitiveness for Inclusive Growth Program (Subprogram 2),Philippines,Sovereign,Loan,Closed,3233,12/15/2014,"350,000,000.00",,Industry and trade,Industry and trade sector development,C,C,C,Southeast Asia Department,Department of Finance,"Hattel, Kelly L."
43399-012,Strengthening Institutions for an Improved Investment Climate,Philippines,Sovereign,Technical Assistance,Closed,7870,9/26/2011,0,,Industry and trade | Public sector management,Industry and trade sector development | Economic affairs management,,,,Southeast Asia Department,Department of Labor and Employment,"Bird, Kelly"
43407-012,Support for Conditional Cash Transfers,Philippines,Sovereign,Technical Assistance,Closed,7468,12/21/2009,"200,000.00",,Health | Public sector management,Health insurance and subsidized health programs | Health system development | Social protection initiatives,C,B,C,Southeast Asia Department,Department of Social Welfare and Development,"Spohr, Christopher A."
43407-013,Social Protection Support Project,Philippines,Sovereign,Loan | Technical Assistance,Closed,2662 | 3369 | 3912 | 7586 | 7587,09/02/2010,"1,000,800,000.00",Nation-wide,Education | Health | Public sector management,Pre-primary and primary - social protection initiatives | Mother and child health care | Social protection initiatives,C,B,C,Southeast Asia Department,Department of Social Welfare and Development,"Jilani, Amir H."
43437-012,Typhoon Ketsana (Ondoy) Project under Asia Pacific Disaster Response Fund,Philippines,Sovereign,Grant,Closed,162,9/29/2009,"3,000,000.00",Nation-wide,Public sector management,Social protection initiatives,,,,Southeast Asia Department,Department of Finance,"Teoh, Su Chin"
44091-012,Consumer Protection in a Competitive Electricity Market with  Open Access,Philippines,Sovereign,Technical Assistance,Closed,8073,4/16/2012,0,,Energy,Energy sector development and institutional reform,,,,Southeast Asia Department,Department of Energy,"Kausar, Rehan"
44132-012,Rural Community-Based Renewable Energy Development in Mindanao,Philippines,Sovereign,Technical Assistance,Closed,7781,2/16/2011,0,,Energy | Finance,Energy efficiency and conservation | Renewable energy generation - small hydro | Renewable energy generation - solar | Renewable energy generation - wind | Inclusive finance,,,,Southeast Asia Department,National Electrification Administration,"Jung, Choon Sik"
44253-012,Local Government Finance and Fiscal Decentralization Reform Program,Philippines,Sovereign,Technical Assistance,Closed,8390,06/10/2013,"1,000,000.00",Nation-wide,Public sector management,Decentralization | Public administration,,,,Southeast Asia Department,Department of Interior and Local Government,"Schuster, Stephen R."
44253-013,Local Government Finance and Fiscal Decentralization Reform Program - Subprogram 1,Philippines,Sovereign,Loan,Closed,3111,2/13/2014,"250,000,000.00",Nation-wide,Public sector management,Decentralization | Public expenditure and fiscal management,C,C,C,Southeast Asia Department,Department of Finance,"Gomez Reino, Juan L."
44253-014,Support to Local Government Accountability Systems,Philippines,Sovereign,Technical Assistance,Closed,9041,12/10/2015,"1,000,000.00",Nation-wide,Public sector management,Decentralization | Public expenditure and fiscal management,,,,Sectors Group,Department of Interior and Local Government,"Chongvilaivan, Aekapol"
44253-016,"Local Government Finance and Fiscal Decentralization Reform Program, Subprogram 2",Philippines,Sovereign,Loan,Closed,3505,12/13/2016,"250,000,000.00",Nation-wide,Public sector management,Decentralization | Public expenditure and fiscal management,C,C,C,Southeast Asia Department,Department of Finance,"Schuster, Stephen R."
44255-012,Capacity Development of Financial Regulators,Philippines,Sovereign,Technical Assistance,Closed,8038,12/16/2011,0,,Finance,Finance sector development,,,,Southeast Asia Department,Department of Finance,"Schuster, Stephen R."
44476-012,Structural Transformation Study of the Philippine Economy,Philippines,Sovereign,Technical Assistance,Closed,7654,11/18/2010,"150,000.00",,Public sector management,Public administration,,,,Southeast Asia Department,ADB POHQ,"Usui, Norio"
45089-001,Education Improvement Sector Development Program,Philippines,Sovereign,Technical Assistance,Closed,7955,12/09/2011,"1,500,000.00",,Education,Pre-primary and primary | Secondary,,,,Southeast Asia Department,Department of Education,"LaRocque, Norman I.A."
45089-002,Senior High School Support Program,Philippines,Sovereign,Loan,Closed,3237,12/15/2014,"300,000,000.00",,Education,Secondary,B,B,B,Southeast Asia Department,Department of Education,"Perez, Lynnette"
45127-001,Enhancing Access to Quality Early Childhood Education Services for Children in Poor Communities (formerly Early Childhood Development Project),Philippines,Sovereign,Grant,Closed,9161,2/20/2012,0,,Education,,,,,Southeast Asia Department,Department of Education,"Kanzaki, Eiko Izawa"
45146-001,Solid Waste Management Sector Project,Philippines,Sovereign,Technical Assistance,Closed,8115,7/16/2012,"1,000,000.00",,Water and other urban infrastructure and services,Urban solid waste management,,,,Southeast Asia Department,Department of Environment and Natural Resources,"Tansengco-Schapero, Stella"
45296-003,Davao Sustainable Urban Transport Project,Philippines,Sovereign,Technical Assistance,Closed,8195,10/19/2012,0,,Transport,Urban public transport,,,,Southeast Asia Department,Department of Transportation and Communications,"Leather, James"
45296-005,Davao Public Transport Modernization Project,Philippines,Sovereign,Technical Assistance,Closed,8941,08/10/2015,"1,303,000.00",,Transport,Urban public transport,,,,Southeast Asia Department,Department of Transportation & Communications,"Kimura, Shuji"
45296-007,Project Implementation Support and Institutional Strengthening for Road-Based Public Transport,Philippines,Sovereign,Technical Assistance,Closed,10064,12/16/2022,"225,000.00","Davao, Davao",Transport,Urban public transport,,,,Sectors Department 1,Department of Transportation,"Kimura, Shuji"
45320-001,Promoting Partnerships and Innovation in Poor and Underserved Communities,Philippines,Sovereign,Grant,Closed,9162,04/09/2012,0,,Multisector,,B,C,C,Southeast Asia Department,National Housing Authority (NHA),"Thomas, Elaine C."
45370-001,Strategic Policy Actions for Successful Structural Transformation and Inclusive Growth,Philippines,Sovereign,Technical Assistance,Closed,7912,10/24/2011,"225,000.00",,Industry and trade,Industry and trade sector development,,,,Southeast Asia Department,Asian Development Bank,"Balbosa, Joven Z."
45423-001,Capacity Building for Microinsurance,Philippines,Sovereign,Technical Assistance,Closed,8258,12/11/2012,0,,Finance,Insurance and contractual savings,,,,Southeast Asia Department,Department of Finance,"Aoki, Hiroyuki"
45431-001,Tropical Storm Washi (Sendong) Project,Philippines,Sovereign,Grant,Closed,279,12/22/2011,"3,000,000.00","Cagayan de Oro, Dumaguete City, Iligan City, Valencia",Public sector management,Social protection initiatives,,,,Southeast Asia Department,Department of Finance,"Balbosa, Joven Z."
45433-001,Structuring the Public-Private Earthquake Insurance Pool in the Philippines,Philippines,Sovereign,Technical Assistance,Closed,8037,12/27/2011,"225,000.00",,Finance,Insurance and contractual savings,,,,Southeast Asia Department,Asian Development Bank,"Schuster, Stephen R."
45433-002,Structuring a Public-Private Earthquake Insurance Pool in the Philippines,Philippines,Sovereign,Technical Assistance,Closed,8315,12/20/2012,"500,000.00",,Finance,Insurance and contractual savings,,,,Southeast Asia Department,Insurance Commission,"Varkay, Madeleine"
45515-001,Strengthening Public-Private Partnerships in the Philippines,Philippines,Sovereign,Technical Assistance,Closed,7796,3/24/2011,"2,000,000.00",,Public sector management,Economic affairs management | Public expenditure and fiscal management,,,,Southeast Asia Department,National Economic & Development Authority,"Lozano Astray, Maria Cristina"
46199-001,Enhancing Social Protection through Community-Driven Development Approach,Philippines,Sovereign,Technical Assistance,Closed,8106,07/04/2012,"1,025,000.00",,"Agriculture, natural resources and rural development | Education | Public sector management","Agricultural policy, institutional and capacity development | Education sector development | Social protection initiatives",,,,Southeast Asia Department,Department of Social Welfare and Development,"Schelzig, Karin Mara"
46225-001,Climate Resilience and Green Growth in the Upper Marikina River Basin Protected Landscape - Demonstrating the Eco-town Framework,Philippines,Sovereign,Technical Assistance,Closed,8111,7/16/2012,"450,000.00",,"Agriculture, natural resources and rural development | Energy | Industry and trade | Transport | Water and other urban infrastructure and services","Water-based natural resources management | Energy efficiency and conservation | Small and medium enterprise development | Road transport (non-urban) | Urban policy, institutional and capacity development | Urban water supply",,,,Southeast Asia Department,Asian Development Bank,"Ancha, Srinivasan"
46234-001,Strengthening Knowledge-Based Economic and Social Development,Philippines,Sovereign,Technical Assistance,Closed,8164,9/14/2012,0,,Education | Industry and trade | Information and communication technology,Tertiary | Industry and trade sector development | ICT industries and ICT-enabled services,,,,Southeast Asia Department,Department of Finance,Joel Mangahas
46308-001,Design of a Pilot Project to Improve Environmental Conditions of Estero de Paco,Philippines,Sovereign,Technical Assistance,Closed,8135,08/08/2012,0,,Water and other urban infrastructure and services,Urban water supply,,,,Southeast Asia Department,Pasig River Rehabilitation Commission,"Coloma Brotons, Javier"
46362-001,Angat Water Transmission Improvement Project,Philippines,Sovereign,Technical Assistance,Closed,8169,9/13/2012,"940,000.00",,Water and other urban infrastructure and services,Urban water supply,,,,Sectors Group,Metropolitan Waterworks and Sewerage System,"van Klaveren, Paulus B."
46420-001,Support for National Community-Driven Development Program,Philippines,Sovereign,Technical Assistance,Closed,8319,1/17/2013,"225,000.00",Nation-wide,Education | Public sector management,Pre-primary and primary | Decentralization | Social protection initiatives,,,,Southeast Asia Department,Department of Social Welfare and Development,"Mangahas, Joel V."
46420-002,KALAHI-CIDSS National Community-Driven Development Project,Philippines,Sovereign,Grant | Loan,Closed,0472 | 3100,12/16/2013,"372,104,000.00",Nation-wide,Education | Public sector management,Pre-primary and primary | Decentralization | Social protection initiatives,B,A,B,Southeast Asia Department,Department of Social Welfare and Development,"Elfving, Rikard N."
46429-001,Supporting Capacity Development for the Bureau of Internal Revenue (BIR),Philippines,Sovereign,Technical Assistance,Closed,8354,04/12/2013,0,,Public sector management,Public expenditure and fiscal management,,,,Southeast Asia Department,Bureau of Internal Revenue,"Shrestha, Sona"
46441-001,Climate Resilience and Green Growth in Critical Watersheds,Philippines,Sovereign,Technical Assistance,Closed,8493,10/25/2013,0,,"Agriculture, natural resources and rural development | Energy | Information and communication technology | Transport | Water and other urban infrastructure and services","Agricultural production | Forestry | Irrigation | Land-based natural resources management | Energy efficiency and conservation | Energy sector development and institutional reform | ICT industries and ICT-enabled services | Road transport (non-urban) | Water transport (non-urban) | Urban policy, institutional and capacity development | Urban solid waste management | Urban water supply",,,,Southeast Asia Department,Asian Development Bank,"Ancha, Srinivasan"
46480-001,Improving Competitiveness in Tourism,Philippines,Sovereign,Technical Assistance,Closed,8334,03/05/2013,0,"Davao, Palawan, Province of Bohol, Province of Cebu",Industry and trade,Industry and trade sector development,,,,Southeast Asia Department,Department of Tourism,"Hattel, Kelly L."
46481-001,Employment Facilitation for Inclusive Growth,Philippines,Sovereign,Technical Assistance,Closed,8335,03/05/2013,"70,000.00","General Trias, Province of Pampanga, Quezon City, Taguig",Industry and trade,Industry and trade sector development,,,,Southeast Asia Department,Department of Labor and Employment,"Hattel, Kelly L."
47113-001,Strengthening Treasuryâ€™s Liquidity Management,Philippines,Sovereign,Technical Assistance,Closed,8495,10/10/2013,"210,000.00",Nation-wide,Finance,Money and capital markets,,,,Southeast Asia Department,Asian Development Bank,"Schuster, Stephen R."
47142-001,Enhancing Capacities for the KALAHIâ€“CIDSS National Community-Driven Development Project,Philippines,Sovereign,Technical Assistance,Closed,8590,12/18/2013,0,,"Agriculture, natural resources and rural development | Education | Information and communication technology","Agricultural policy, institutional and capacity development | Rural sanitation | Rural water supply services | Education sector development | Pre-primary and primary | ICT industries and ICT-enabled services",,,,Southeast Asia Department,Department of Social Welfare and Development,"Elfving, Rikard N."
47193-001,Support for Data Management for Performance Reporting and Assessment,Philippines,Sovereign,Technical Assistance,Closed,8397,07/04/2013,"225,000.00",Nation-wide,Public sector management,Public administration,,,,Southeast Asia Department,Department of Budget and Management,"Balbosa, Joven Z."
47207-001,Capacity Development to Support Regulation and Oversight at the Insurance Commission,Philippines,Sovereign,Technical Assistance,Closed,8608,12/13/2013,"225,000.00",Nation-wide,Finance,Insurance and contractual savings,,,,Southeast Asia Department,Insurance Commission,"Schuster, Stephen R."
47212-001,Strengthening Results-Based Human Resource Processes at the Department of Finance,Philippines,Sovereign,Technical Assistance,Closed,8419,08/05/2013,"275,000.00",Nation-wide,Public sector management,Public administration,,,,Southeast Asia Department,Asian Development Bank,"Balbosa, Joven Z."
47230-001,Strengthening Evaluation and Fiscal Cost Management of Public-Private Partnerships,Philippines,Sovereign,Technical Assistance,Closed,8650,5/15/2014,0,,Public sector management,Economic affairs management | Public expenditure and fiscal management,,,,Southeast Asia Department,Department of Finance,"Schuster, Stephen R."
47261-001,Teach for the Philippines,Philippines,Sovereign,Technical Assistance,Closed,8695,08/07/2014,0,,Education,Pre-primary and primary,,,,Southeast Asia Department,Teach for the Philippines,Karin Schelzig
47333-001,Typhoon Haiyan (Yolanda) Project,Philippines,Sovereign,Grant,Closed,369,11/13/2013,"3,000,000.00",Nation-wide,Public sector management,Social protection initiatives,,,,Southeast Asia Department,Department of Finance,"Teoh, Su Chin"
47336-001,Support for Post Typhoon Yolanda Disaster Needs Assessment and Response,Philippines,Sovereign,Technical Assistance,Closed,8536,11/20/2013,"725,000.00",Nation-wide,"Agriculture, natural resources and rural development | Energy | Public sector management | Transport | Water and other urban infrastructure and services",Irrigation | Energy utility services | Economic affairs management | Road transport (non-urban) | Urban water supply,,,,Southeast Asia Department,Asian Development Bank,"Teoh, Su Chin"
47337-001,Emergency Assistance for Relief and Recovery from Typhoon Yolanda,Philippines,Sovereign,Loan,Closed,3080,12/06/2013,"500,000,000.00",Visayas,Public sector management,Economic affairs management,C,C,C,Southeast Asia Department,Department of Finance,"Jovellanos, Loretta C."
48140-001,Strengthening Treasury Operations and Capital Market Reform,Philippines,Sovereign,Technical Assistance,Closed,8718,9/17/2014,0,,Finance,Finance sector development | Money and capital markets,,,,Southeast Asia Department,Bureau of the Treasury,"Schuster, Stephen R."
48144-001,Enhancing Rural Enterprise and Rural Employment Project,Philippines,Sovereign,Technical Assistance,Closed,8844,12/18/2014,"1,000,000.00",,"Agriculture, natural resources and rural development","Agro-industry, marketing, and trade | Rural market infrastructure",,,,Southeast Asia Department,Department of Trade and Industry,"Matsuda, Hideki"
48173-001,Metro Manila Water and Sanitation Development Project,Philippines,Sovereign,Technical Assistance,Closed,8769,11/25/2014,"1,000,000.00",,Water and other urban infrastructure and services,Urban sewerage | Urban water supply,,,,Southeast Asia Department,Metropolitan Waterworks and Sewerage System,"Hasanah, Siti"
48284-001,Implementing the Senior High School Support Program,Philippines,Sovereign,Technical Assistance,Closed,9004,12/03/2015,0,Nation-wide,Education,,,,,Southeast Asia Department,Department of Education,"Perez, Lynnette"
48427-001,Encouraging Investment through Capital Market Reforms Program (Subprogram 1),Philippines,Sovereign,Loan,Closed,3334,11/26/2015,"300,000,000.00",Nation-wide,Finance,Finance sector development | Infrastructure finance and investment funds | Money and capital markets,C,C,C,Southeast Asia Department,Department of Finance,"Schuster, Stephen R."
48427-002,"Encouraging Investment through Capital Market Reforms Program, Subprogram 2",Philippines,Sovereign,Loan | Technical Assistance,Closed,3595 | 9424,11/21/2017,"300,500,000.00",Nation-wide,Finance,Finance sector development | Money and capital markets,C,C,C,Southeast Asia Department,Department of Finance,"Schuster, Stephen R."
48458-001,"Expanding Private Participation in Infrastructure Program, Subprogram 1",Philippines,Sovereign,Loan,Closed,3333,11/26/2015,"300,000,000.00",Nation-wide,Public sector management,Public administration | Public expenditure and fiscal management,C,C,C,Southeast Asia Department,Department of Finance,"Musa, Agustina"
48458-003,"Expanding Private Participation in Infrastructure Program, Subprogram 2",Philippines,Sovereign,Loan,Closed,3691,8/17/2018,"300,000,000.00",Nation-wide,Public sector management,Public administration | Public expenditure and fiscal management,C,C,C,Southeast Asia Department,Department of Finance,"Lozano Astray, Maria Cristina"
49117-001,Support for the Nationwide Rollout of JobStart Philippines,Philippines,Sovereign,Technical Assistance,Closed,8984,10/30/2015,"1,300,000.00",Nation-wide,Finance,Finance sector development,,,,Southeast Asia Department,Department of Labor and Employment,"Jayawardana, Poornima G.W."
49117-002,Facilitating Youth School-to-Work Transition Program (Subprogram 1),Philippines,Sovereign,Loan,Closed,3530,5/23/2017,"300,000,000.00",Nation-wide,Education | Public sector management,Technical and vocational education and training | Economic affairs management,C,C,C,Southeast Asia Department,Department of Finance,"Hattel, Kelly L."
49117-003,Facilitating Youth School-to-Work Transition Program (Subprogram 2),Philippines,Sovereign,Loan,Closed,3875,12/03/2019,"400,000,000.00",Nation-wide,Education | Public sector management,Technical and vocational education and training | Economic affairs management,C,C,C,Southeast Asia Department,Department of Finance,"Lozano Astray, Maria Cristina"
49117-004,Facilitating Youth School-to-Work Transition Program (Subprogram 3),Philippines,Sovereign,Loan,Closed,4089,7/26/2021,"400,000,000.00",Nation-wide,Education | Public sector management,Technical and vocational education and training | Economic affairs management,C,C,C,Southeast Asia Department,Department of Finance,"Jayawardana, Poornima G.W."
49159-001,Strengthening Institutions for Investments in Mindanao,Philippines,Sovereign,Technical Assistance,Closed,8924,07/06/2015,"225,000.00",,Public sector management,Decentralization | Public administration,,,,Southeast Asia Department,Asian Development Bank,"Balbosa, Joven Z."
50288-002,Strengthening Infrastructure Capacity and Innovation for Inclusive Growth,Philippines,Sovereign,Technical Assistance,Closed,9336,6/30/2017,"5,000,000.00",Nation-wide,"Agriculture, natural resources and rural development | Transport | Water and other urban infrastructure and services","Rural flood protection | Transport policies and institutional development | Urban policy, institutional and capacity development",,,,Southeast Asia Department,Department of Finance,"Morel, Alain X."
50325-001,Islamic Finance for the Philippines,Philippines,Sovereign,Technical Assistance,Closed,9492,12/22/2017,"1,100,000.00",Nation-wide,Finance,Finance sector development,,,,Office of the General Counsel,Bangko Sentral ng Pilipinas,"Sicangco, Maria Cecilia"
50331-001,Strengthening Tax and Fiscal Policy Capacity for Inclusive Growth,Philippines,Sovereign,Technical Assistance,Closed,9250,11/29/2016,"3,800,000.00",Nation-wide,Public sector management,Economic affairs management | Public expenditure and fiscal management,,,,Sectors Group,Department of Finance,"Chongvilaivan, Aekapol"
51117-002,"Metro Manila Transport Project, Phase 1",Philippines,Sovereign,Technical Assistance,Closed,9432,12/01/2017,"1,500,000.00","National Capital Region, National Capital Region",Transport,Urban public transport | Urban roads and traffic management,,,,Southeast Asia Department,Department of Transportation,"Kimura, Shuji"
51309-001,Inclusive Finance Development Program (Subprogram 1),Philippines,Sovereign,Loan,Closed,3707,9/19/2018,"300,000,000.00",Nation-wide,Finance,Inclusive finance,C,C,C,Southeast Asia Department,Department of Finance,"Hattel, Kelly L."
51309-002,Inclusive Finance Development Program (Subprogram 2),Philippines,Sovereign,Loan,Closed,3959,8/21/2020,"300,000,000.00",Nation-wide,Finance,Inclusive finance,C,C,C,Southeast Asia Department,Department of Finance,"Hattel, Kelly L."
51309-003,Inclusive Finance Development Program Subprogram 3,Philippines,Sovereign,Loan,Closed,4355,10/05/2023,"300,000,000.00",Nation-wide,Finance,Inclusive finance,C,C,C,Sectors Group,Department of Finance,"Hattel, Kelly L."
52083-002,Malolos-Clark Railway Project (PFR 1),Philippines,Sovereign,Loan,Closed,3796,5/30/2019,"1,300,000,000.00","Angeles, Apalit, Calumpit, Clark Special Economic Zone, Mabalacat, Malolos, Minalin, San Fernando, Santo Tomas",Transport,Rail transport (non-urban),A,B,A,Sectors Department 1,Department of Transportation,"Sakaguchi, Satomi"
52083-007,Strengthening the Transition of Vulnerable Communities Affected by the Malolos-Clark Railway Project,Philippines,Sovereign,Technical Assistance,Closed,9913,12/18/2019,0,"Angeles City, Apalit, Clark Special Economic Zone, Mabalacat, Malolos, Minalin, San Fernando",Transport,Rail transport (non-urban),,,,Sectors Group,Department of Transportation,"Vorpahl, Markus"
52173-001,Local Governance Reform Program (Subprogram 1),Philippines,Sovereign,Loan,Closed,3858,11/13/2019,"300,000,000.00",Nation-wide,Public sector management,Decentralization,C,C,C,Southeast Asia Department,Department of Finance,"Boothe, Robert A."
52173-003,Local Governance Reform Program (Subprogram 2),Philippines,Sovereign,Loan,Closed,4102,8/27/2021,"400,000,000.00",Nation-wide,Public sector management,Decentralization,C,C,C,Southeast Asia Department,Department of Finance,"Chongvilaivan, Aekapol"
53047-001,Capital Market-Generated Infrastructure Financing Program (Subprogram 1),Philippines,Sovereign,Loan,Closed,3925,5/26/2020,"400,000,000.00",Nation-wide,Finance,Finance sector development | Infrastructure finance and investment funds | Insurance and contractual savings | Money and capital markets,C,C,C,Southeast Asia Department,Department of Finance,"Schuster, Stephen R."
53047-003,Support to Capital Market-Generated Infrastructure Financing Program - Subprogram 2,Philippines,Sovereign,Loan,Closed,4185,5/30/2022,"400,000,000.00",Nation-wide,Finance,Finance sector development | Infrastructure finance and investment funds | Insurance and contractual savings | Money and capital markets,C,C,C,Sectors Department 3,Department of Finance,"Rabidin, Ahmad Faris Bin"
53353-001,Competitive and Inclusive Agriculture Development Program (Subprogram 1),Philippines,Sovereign,Loan,Closed,3957,08/12/2020,"400,000,000.00",Nation-wide,"Agriculture, natural resources and rural development","Agricultural policy, institutional and capacity development",C,C,C,Southeast Asia Department,Department of Finance,"Ueda, Takeshi"
53353-002,Competitive and Inclusive Agriculture Development Program (Subprogram 2),Philippines,Sovereign,Loan,Closed,4288,1/26/2023,"500,000,000.00",Nation-wide,"Agriculture, natural resources and rural development | Finance | Public sector management","Agricultural policy, institutional and capacity development | Agricultural production | Irrigation | Land-based natural resources management | Rural flood protection | Small and medium enterprise finance and leasing | Social protection initiatives",C,C,C,Sectors Department 2,Department of Finance,"Ueda, Takeshi"
54022-001,Disaster Resilience Improvement Program,Philippines,Sovereign,Loan,Closed,3968,09/10/2020,"500,000,000.00",Nation-wide,Finance | Health | Public sector management,Insurance and contractual savings | Disease control  of communicable disease | Decentralization | Public administration,C,C,C,Sectors Department 3,Department of Finance,"Ainabe, Benita"
54133-001,COVID-19 Emergency Response,Philippines,Sovereign,Grant,Closed,685,3/13/2020,"3,000,000.00",Nation-wide,Health,Disease control  of communicable disease,FI,FI,FI,Southeast Asia Department,Department of Health,"Elfving, Rikard N."
54138-001,COVID-19 Active Response and Expenditure Support Program,Philippines,Sovereign,Loan,Closed,3907 | 3908 | 3909 | 3910,4/23/2020,"1,500,000,000.00",Nation-wide,Health | Public sector management,Disease control  of communicable disease | Health system development | Public expenditure and fiscal management | Social protection initiatives,C,C,C,Southeast Asia Department,Department of Finance,"Schuster, Stephen R."
54158-002,"Implementing a Rapid Emergency Supplies Provision (RESP) Assistance to Design a Sustainable Solution for COVID-19 Impact Areas in the National Capital Region, Through a Public Private Collaboration",Philippines,Sovereign,Technical Assistance,Closed,9958,3/26/2020,"5,000,000.00",National Capital Region,Public sector management,Public administration | Social protection initiatives,,,,Southeast Asia Department,Department of Finance,"Mehta, Anouj"
54171-003,Second Health System Enhancement to Address and Limit COVID-19 under the Asia Pacific Vaccine Access Facility,Philippines,Sovereign,Loan,Closed,4050 | 4163 | 8394,3/25/2021,"650,000,000.00",Nation-wide,Health,Disease control  of communicable disease,C,C,C,Sectors Department 3,Department of Health,"Banzon, Eduardo P."
55105-003,Build Universal Health Care Program (Subprogram 2),Philippines,Sovereign,Loan,Closed,4414 | 8464,12/06/2023,"450,000,000.00",Nation-wide,Health,Health sector development and reform,C,C,C,Sectors Department 3,Department of Finance,"Esperato Martinez, Alexo R."
55268-001,"Climate Change Action Program, Subprogram 1",Philippines,Sovereign,Loan,Closed,4186,5/31/2022,"250,000,000.00",Nation-wide,"Agriculture, natural resources and rural development | Energy | Finance","Agricultural policy, institutional and capacity development | Energy sector development and institutional reform | Finance sector development",C,C,C,Sectors Group,Department of Finance,"Yamamura, Shigeru"
55268-003,"Climate Change Action Program, Subprogram 2",Philippines,Sovereign,Loan,Closed,4550,11/26/2024,"500,000,000.00",Nation-wide,"Agriculture, natural resources and rural development | Energy | Finance | Public sector management","Agricultural policy, institutional and capacity development | Energy sector development and institutional reform | Finance sector development | Public expenditure and fiscal management",C,C,C,Sectors Department 1,Department of Finance,"Yamamura, Shigeru"
55293-001,Support for National Economic and Development Agencyâ€™s Improvement Plan and Capacity Development,Philippines,Sovereign,Technical Assistance,Closed,6821,11/04/2021,"225,000.00",Nation-wide,Public sector management,Economic affairs management | Public administration,,,,Southeast Asia Department,"Department of Economy, Planning, and Development","Lozano Astray, Maria Cristina"
55300-001,Post-COVID-19 Business and Employment Recovery Program - Subprogram 1,Philippines,Sovereign,Loan,Closed,4289,1/26/2023,"500,000,000.00",Nation-wide,Education | Public sector management,Technical and vocational education and training | Economic affairs management,C,C,C,Sectors Group,Department of Finance,"Khan, Bilal Muhammad"
55300-002,Business and Employment Recovery Program - Subprogram 2,Philippines,Sovereign,Loan,Closed,4581,1/29/2025,"500,000,000.00",Nation-wide,Education | Public sector management,Technical and vocational education and training | Economic affairs management,C,C,C,Sectors Department 3,Department of Finance,"Khan, Bilal Muhammad"
55365-001,Typhoon Odette Emergency Response Project,Philippines,Sovereign,Grant,Closed,828,02/03/2022,"2,000,000.00","Caraga, Central Visayas, Eastern Visayas, MIMAROPA, Northern Mindanao, Western Visayas",Public sector management,Social protection initiatives,C,C,C,Southeast Asia Department,Department of Finance,"Lozano Astray, Maria Cristina"
57280-001,Supporting Offshore Wind Port Development Planning,Philippines,Sovereign,Technical Assistance,Closed,10278,02/05/2024,"400,000.00",Nation-wide,Energy | Transport,Energy sector development and institutional reform | Transport policies and institutional development,,,,Sectors Department 1,Department of Energy,"Yamamura, Shigeru"
58003-001,Public Financial Management Reform Program (Subprogram 1),Philippines,Sovereign,Loan,Closed,4572,12/11/2024,"500,000,000.00",Nation-wide,Public sector management,Decentralization | Public expenditure and fiscal management,C,C,C,Sectors Department 3,Department of Finance,"Chongvilaivan, Aekapol"
48458-002,Strengthening Public-Private Partnerships in the Philippines (Phase 2),Philippines,Sovereign,Technical Assistance,Proposed,,,0,Nation-wide,Public sector management,,,,,Southeast Asia Department,PPP Center of the Philippines (attached to NEDA),"Schuster, Stephen R."
51312-001,City Disaster Insurance Pool Project,Philippines,Sovereign,Loan,Proposed,,,"100,000,000.00",Nation-wide,Finance,Insurance and contractual savings,FI-C,FI-C,FI-C,Southeast Asia Department,Department of Finance,"Ainabe, Benita"
53172-001,Manila Metro Rail Transit Line 4 Project,Philippines,Sovereign,Loan,Proposed,,,"1,000,000,000.00","Cainta, Epifanio de los Santos Avenue, Ortigas Avenue, Taytay, Tikling Street",Transport,Urban public transport,,,,Sectors Department 1,,"Shim, Chaorin"
53272-001,"Mindanao Irrigation Development Project, Phase I",Philippines,Sovereign,Grant | Loan,Proposed,,,"62,700,000.00",Mindanao,"Agriculture, natural resources and rural development",Irrigation,B,B,B,Southeast Asia Department,National Irrigation Administration,"Sagara, Junko"
53273-001,Promoting Sustainability and Productivity for Enterprise Resilience and Upscaling in the Philippines (ProSPER) Project (formerly Mindanao Agro-Enterprise Development Project),Philippines,Sovereign,Loan | Technical Assistance,Proposed,,,"61,000,000.00",Nation-wide,"Agriculture, natural resources and rural development | Finance","Agro-industry, marketing, and trade | Rural market infrastructure | Small and medium enterprise finance and leasing",B,B,C,Sectors Department 2,Department of Trade and Industry,"Lopez, Dennis A."
54220-001,Baguio Resilient City Tourism Project,Philippines,Sovereign,Loan,Proposed,,,"61,000,000.00",Baguio City,Industry and trade | Water and other urban infrastructure and services,"Small and medium enterprise development | Urban policy, institutional and capacity development | Urban sanitation | Urban sewerage",B,C,C,Sectors Department 2,Tourism Infrastructure & Enterprise Zone Authority,"Thu, Kyaw"
58245-001,Geothermal Resource De-Risking Facility,Philippines,Sovereign,Loan,Proposed,,,"190,000,000.00",Nation-wide,Energy,Renewable energy generation - geothermal,FI,FI,FI,Sectors Group,Department of Energy,"Yamamura, Shigeru"
58463-001,National Total Electrification Support Program,Philippines,Sovereign,Loan,Proposed,,,"461,000,000.00",Nation-wide,Energy,Electricity transmission and distribution | Renewable energy generation - solar,B,B,B,Sectors Department 1,Department of Energy,"Elbling, Elmar"
58464-001,Accelerated Implementation of Government Energy Efficient Projects,Philippines,Sovereign,Loan,Proposed,,,"250,000,000.00",Nation-wide,Energy,Energy efficiency and conservation,B,C,C,Sectors Department 1,Department of Energy,"Paixao Morgado, David J."
59381-001,Improving Growth Corridors in Mindanao Road Project Phase 2,Philippines,Sovereign,Loan,Proposed,,,"875,640,000.00","Province of Basilan, Province of Sulu, Province of Zamboanga Sibugay, Zamboanga City",Transport,,A,B,A,Sectors Department 1,Department of Public Works and Highways,"Kim, Hwanhee"
